id,domain,status,purchase_price,renewal_price,attractiveness,demand,length,registrar,created_at,expires_at,status_verified_at
d84f1205-d710-4f32-9e97-7ce62ce56c3c,chorally.soccer,available,25.99,25.99,medium,low,8,namesilo,,,14/09/2026 06:49
2fdf962a-9a20-4bce-9743-c6017bbdcec1,lied.soccer,available,25.99,25.99,high,low,4,namesilo,,,25/09/2026 08:58
c4ea918f-d07b-4fe9-b951-a8c506f01a64,areopagus.soccer,available,25.99,25.99,medium,low,9,namesilo,,,20/09/2026 03:52
a22bcf31-c8de-49ec-b923-28bd4f344ab3,tirana.soccer,available,25.99,25.99,high,low,6,namesilo,,,18/09/2026 02:27
d6666761-5065-443c-a36d-53f4ad3d16a2,acorn.soccer,available,27.48,29.48,high,low,5,namecheap,,,17/09/2026 02:18
7b42d709-40c9-48aa-a078-41d18da16dd3,centenary.soccer,available,19.99,37.99,high,low,9,name.com,,,11/08/2026 23:54
4a8cdda9-9721-481c-82ab-79617f4ff88b,hess.soccer,available,25.99,25.99,high,low,4,namesilo,,,27/09/2026 03:38
a652095a-6b22-4007-bf9b-5a1aefa71679,admiration.soccer,available,19.99,,high,low,10,name.com,,,
19acd48a-4a87-4fef-a663-587b898be2b3,crossways.soccer,available,25.99,25.99,medium,low,9,namesilo,,,14/09/2026 09:48
962ada54-0ad1-4c1b-adf6-80457dc8b072,hilarious.soccer,available,19.99,37.99,high,low,9,name.com,,,21/08/2026 09:21
d0e78cb7-9699-4f09-9540-42fa39943bef,caleb.soccer,available,27.48,29.48,high,low,5,namecheap,,,27/09/2026 11:16
2fed4058-7bc9-4bb7-aa65-c133e073b9b3,bns.soccer,available,25.99,25.99,high,low,3,namesilo,,,21/09/2026 14:15
a20cf03d-b56f-438f-b9d1-ee2aeee8670f,humorous.soccer,available,25.99,25.99,high,low,8,namesilo,,,25/09/2026 06:35
5cc790ad-ad0b-4800-a72c-e53f6a914592,discipline.soccer,available,27.48,29.48,high,low,10,namecheap,,,19/09/2026 11:34
a58a9ad4-f2cc-412e-b3c0-9dc4d2218191,flush.soccer,available,19.99,37.99,high,low,5,name.com,,,
cde6a4c0-86f1-4b60-bebd-88e272c68d1f,premolar.soccer,available,19.99,37.99,high,low,8,name.com,,,09/08/2026 19:46
726fd759-2b2a-4aac-9d96-085ca1403b73,just.soccer,resell,,,high,medium,4,GoDaddy Online Services Cayman Islands Ltd.,12/09/2015 06:59,12/09/2027 06:59,26/09/2026 07:03
2438df73-9158-479f-ae9e-04d792dca5ed,participants.soccer,available,25.99,25.99,high,low,12,namesilo,,,18/09/2026 04:57
adc792a4-3cc0-4aeb-9aec-2f6b5f519fe8,fluffy.soccer,available,19.99,37.99,high,low,6,name.com,,,14/08/2026 17:46
c1c49819-90b8-433f-b0e2-606d8700e876,cartoon.soccer,available,25.99,25.99,high,low,7,namesilo,,,19/09/2026 08:59
26aa3d1c-29bc-497d-99d8-3fd4425ec510,flier.soccer,available,19.99,37.99,high,low,5,name.com,,,11/08/2026 05:10
c761e7b1-a963-4d8f-9ede-9781af430c6c,quite.soccer,available,19.99,,high,low,5,name.com,,,
64ef405e-fc10-4f3f-977b-626b94eeadad,pulling.soccer,available,19.99,37.99,high,low,7,name.com,,,25/09/2026 10:11
5bb85110-4084-49af-a9b8-f466802ae33a,tasting.soccer,available,19.99,,high,low,7,name.com,,,
69944e63-fc87-4643-9ab8-dcc01c32f950,johnston.soccer,available,25.99,25.99,high,low,8,namesilo,,,25/09/2026 07:53
f4b6bbd2-8059-44a8-a88c-dae885a1fefd,piebald.soccer,available,19.99,37.99,medium,low,7,name.com,,,03/09/2026 10:37
6e27a2b0-0adc-44ee-b3e2-35da15a5d4e2,voluntarily.soccer,available,19.99,,high,low,11,name.com,,,
b547b509-b680-4432-8dd2-45e151d0ee8e,eyed.soccer,available,19.99,37.99,high,low,4,name.com,,,17/08/2026 20:00
d466110d-4c2d-4a9c-8717-cbd645e40b9f,based.soccer,available,19.99,37.99,high,medium,5,name.com,,,22/09/2026 17:49
0c713c5b-31cf-4ee1-98d2-3122a633cc38,bezzant.soccer,available,27.48,29.48,low,low,7,namecheap,,,23/09/2026 12:17
fd46999d-b842-4a7e-8480-4c1e451d1aa9,siri.soccer,available,,,high,high,4,,,,
6385edd5-3587-464e-ac6f-40695cb63dba,xlii.soccer,available,19.99,37.99,medium,low,4,name.com,,,
47cb4d84-358a-4467-aedb-e256b1cc283d,sunny.soccer,available,19.99,37.99,high,low,5,name.com,,,12/08/2026 03:57
045853e0-6057-4d1d-9296-e04447483b3d,remedial.soccer,available,25.99,25.99,high,low,8,namesilo,,,22/09/2026 02:24
2396fb5b-a4ed-444a-9ae5-0942e6d6e707,presumably.soccer,available,27.48,29.48,medium,low,10,namecheap,,,15/09/2026 21:20
291b01df-285a-472a-aece-465d799b832a,emily.soccer,available,25.99,25.99,high,medium,5,namesilo,,,25/09/2026 14:07
43ab52cb-8cfb-45a4-b30e-6b126f5a45b6,sublime.soccer,available,19.99,37.99,high,low,7,name.com,,,17/08/2026 15:39
958bfbc5-f8f7-4b5c-85d4-d44bd85f8188,auxin.soccer,available,27.48,29.48,medium,low,5,namecheap,,,21/09/2026 08:33
7b606a59-2ac6-4c6c-b43c-fe36ac44112d,zen.soccer,premium,38.94,38.94,high,medium,3,namesilo,,,
8592ccf4-3aba-4be3-9cd4-ef34aa166af2,prenuptial.soccer,available,27.48,29.48,high,low,10,namecheap,,,22/09/2026 06:05
e126cd87-7822-4149-afa1-47c7604c58ce,aloud.soccer,available,25.99,25.99,high,low,5,namesilo,,,25/09/2026 14:25
a3565c72-a4ee-4be7-9619-040be479f545,intercultural.soccer,available,19.99,,high,low,13,name.com,,,
a159c9de-dff9-4dde-8220-394da6b28af0,piss.soccer,available,19.99,,high,low,4,name.com,,,
c635c1a8-7191-4320-be99-29929bce8fa4,awareness.soccer,available,19.99,,high,low,9,name.com,,,
4f651863-076d-4113-81e5-e6142456d521,malaysian.soccer,available,19.99,37.99,high,low,9,name.com,,,24/08/2026 13:46
fc37ac35-673d-43d7-9081-0d7eed93e39b,bequest.soccer,available,25.99,25.99,high,low,7,namesilo,,,23/09/2026 09:04
49b27f91-fdd4-43a3-b4a0-fdb5011fd492,grapefruit.soccer,available,25.99,25.99,high,low,10,namesilo,,,24/09/2026 15:09
b004df25-559b-4fd8-98c8-336465fed11e,according.soccer,available,19.99,37.99,high,low,9,name.com,,,
53813b04-0b50-4ac3-a417-5e71a2cd6a77,aliquot.soccer,available,19.99,37.99,medium,low,7,name.com,,,
7ccbbb20-cf01-42c7-9a9f-e06351e3b29e,recommend.soccer,available,19.99,,high,low,9,name.com,,,
eea11bbb-bfbc-4fd2-bed3-efc5e8f7e113,topical.soccer,available,25.99,25.99,high,low,7,namesilo,,,11/09/2026 17:42
bc0ce3ea-0077-4289-a518-92a0c89c4f64,gaseous.soccer,available,19.99,37.99,medium,low,7,name.com,,,18/08/2026 20:25
d58f7c2a-6ec4-4e96-8926-48271fd90f63,jessie.soccer,available,25.99,25.99,high,low,6,namesilo,,,25/09/2026 11:53
5247fc40-55a6-49ee-8031-999c2e9ec3ac,albite.soccer,available,25.99,25.99,high,low,6,namesilo,,,18/09/2026 02:59
f4f21f43-2aea-4e24-b5ee-d20f511278aa,motorized.soccer,available,19.99,37.99,high,low,9,name.com,,,24/08/2026 18:45
6f78f08d-bd51-4d1d-abaa-a86db80c4139,ravioli.soccer,available,25.99,25.99,high,low,7,namesilo,,,24/09/2026 12:37
e2890376-58da-441a-b1c5-3716457fa73b,advocate.soccer,available,19.99,,high,low,8,name.com,,,
d399c041-97ca-4191-8d55-87f140cf7d6b,firstly.soccer,available,25.99,25.99,medium,low,7,namesilo,,,24/09/2026 18:41
586765b2-604c-4c04-91c3-f8f76957be16,selective.soccer,available,25.99,25.99,high,low,9,namesilo,,,10/09/2026 01:58
d2c43c41-be29-410b-ac73-f108e5e213e8,hood.soccer,available,25.99,25.99,high,medium,4,namesilo,,,27/09/2026 08:13
9e40a491-6881-4dd3-b079-efc4b5653936,lucy.soccer,available,19.99,,high,low,4,name.com,,,
cb977d5e-4506-4eef-b96d-a19e471c2a8b,combed.soccer,available,19.99,37.99,medium,low,6,name.com,,,12/08/2026 18:33
0a47cc8f-1587-435e-91fe-a37c2961b43e,homespun.soccer,available,19.99,37.99,high,low,8,name.com,,,13/08/2026 04:23
64319258-cdd2-47c0-a3b0-b020e88eac62,laudable.soccer,available,19.99,37.99,medium,low,8,name.com,,,06/08/2026 07:01
f76e6e1b-aa25-4597-a00d-e7198a687574,dependant.soccer,available,19.99,37.99,medium,low,9,name.com,,,14/08/2026 02:08
8637bb80-1193-4f5a-a7fc-c80b9d7ed17f,acheron.soccer,available,27.48,29.48,medium,low,7,namecheap,,,17/09/2026 00:29
07514575-bb2e-40bc-be65-eafc74b48d0d,lifelessly.soccer,available,19.99,37.99,low,low,10,name.com,,,13/08/2026 19:35
d08d4509-cd8d-4516-a2d7-33c9e2c11301,made.soccer,available,25.99,25.99,high,medium,4,namesilo,,,25/09/2026 16:01
a21ec12a-a12e-4a25-998d-360f5b3b5d75,cranial.soccer,available,19.99,37.99,medium,low,7,name.com,,,13/08/2026 04:49
580befed-1d1d-4526-84bc-855aa78f9c1a,massively.soccer,available,25.99,25.99,medium,low,9,namesilo,,,15/09/2026 13:35
c4f12627-c318-4ab2-8014-6dd185fd8733,fiscally.soccer,available,25.99,25.99,medium,low,8,namesilo,,,14/09/2026 18:37
25619ad8-85db-4804-9263-61c7affaaeeb,orangutan.soccer,available,19.99,,high,low,9,name.com,,,
44999e56-3af9-4a49-a6ce-3361c4fbce90,famously.soccer,available,25.99,25.99,high,low,8,namesilo,,,14/09/2026 16:46
abc9b435-89cf-4d2d-8be7-e70517073c19,fraud.soccer,available,25.99,25.99,high,low,5,namesilo,,,27/09/2026 07:55
35477d3d-4cb8-4457-aa9d-66ad27d4c202,cloudy.soccer,available,19.99,37.99,high,low,6,name.com,,,12/08/2026 12:41
767cd74b-4703-445f-8f17-5220a400f38d,victorian.soccer,available,25.99,25.99,high,low,9,namesilo,,,27/09/2026 05:38
e9ae657e-756e-45ee-bd2a-29f0b3ec87c4,cleansing.soccer,available,19.99,37.99,high,low,9,name.com,,,
b421b625-9976-49df-9bc1-2f35e8931dcb,hold.soccer,available,25.99,25.99,high,low,4,namesilo,,,24/09/2026 23:26
9f4e264d-e901-4ea9-9657-4644d3fd89ba,advisement.soccer,available,25.99,25.99,medium,low,10,namesilo,,,17/09/2026 11:32
2b444682-7760-4397-a161-b806d6f9d0e7,consecrate.soccer,available,19.99,37.99,high,low,10,name.com,,,12/08/2026 22:25
e4d024eb-8420-4c57-aadf-b7bba2cc2d05,equanimous.soccer,available,19.99,37.99,medium,low,10,name.com,,,17/08/2026 11:37
955e82a0-faac-4689-90a4-fea29fdccc69,vexatious.soccer,available,,,medium,low,9,,,,
df7fe783-ba87-4047-b8b8-ae5e22778abe,rhoda.soccer,available,19.99,,high,low,5,name.com,,,
d0d6d50e-a634-480a-8659-52a1b34a4bf3,scene.soccer,available,27.48,29.48,high,low,5,namecheap,,,24/09/2026 18:53
7d2b3190-38c0-4e33-908b-23715b59f0f6,alarum.soccer,available,25.99,25.99,medium,low,6,namesilo,,,18/09/2026 02:00
ec8871ec-7320-44d5-a5da-2d1144204222,fortuitous.soccer,available,19.99,37.99,high,low,10,name.com,,,18/08/2026 12:43
30a9b486-0372-480e-a029-8ecae907d0dd,catered.soccer,available,25.99,25.99,medium,low,7,namesilo,,,20/09/2026 17:04
65c72a05-8c15-4335-8be8-de4014843e83,melvin.soccer,available,27.48,29.48,high,low,6,namecheap,,,26/09/2026 03:21
32531ad0-47b0-462f-b2e5-19453e2424a9,wistful.soccer,available,25.99,25.99,high,low,7,namesilo,,,13/09/2026 12:45
71ae62c3-006a-4a6b-8d84-d9dbef433a77,adopter.soccer,available,25.99,25.99,high,low,7,namesilo,,,17/09/2026 09:39
f943ea57-4b85-43d0-930f-2242fb8fb017,alarm.soccer,available,19.99,37.99,high,low,5,name.com,,,
df522e77-5a82-49d6-8a15-496667947543,lettered.soccer,available,19.99,37.99,medium,low,8,name.com,,,22/08/2026 16:54
ec2d04f1-0b8a-47cf-8e5c-f6feceb6ef26,woes.soccer,available,25.99,25.99,medium,low,4,namesilo,,,20/09/2026 07:52
84d744e6-24a2-486e-9bc2-28e63077523a,assonance.soccer,available,25.99,25.99,medium,low,9,namesilo,,,20/09/2026 16:32
0b3e7f40-4df4-4ddf-a973-d4952d88e4f1,hugh.soccer,available,20.2,20.2,high,low,4,cloudflare,,,28/09/2026 03:49
b9dd6cb2-1f50-434c-a54d-4a7e82494ede,ranger.soccer,available,25.99,25.99,high,low,6,namesilo,,,27/09/2026 03:34
85616b9c-a529-4e69-8837-e9a41821f0a7,billyo.soccer,available,25.99,25.99,medium,low,6,namesilo,,,18/09/2026 09:10
b54774cb-aa58-43f5-91ab-aceb69a6dedf,terrene.soccer,available,25.99,25.99,medium,low,7,namesilo,,,11/09/2026 10:41
6c60a4e4-2647-441a-8ecb-62d680936c21,ashe.soccer,available,25.99,25.99,high,low,4,namesilo,,,20/09/2026 10:46
bbd24ad4-ad43-4197-96f8-a9257b56252d,mono.soccer,available,27.48,29.48,high,medium,4,namecheap,,,25/09/2026 21:33
571313cd-5954-4f75-876d-dff49a6fefc7,piercing.soccer,available,19.99,37.99,high,low,8,name.com,,,22/08/2026 01:25
a0aa7a21-3b99-4ae1-8d0b-01df73d43620,unveiled.soccer,available,25.99,25.99,high,low,8,namesilo,,,12/09/2026 22:05
bfd2703c-5933-4c26-9d88-573ca61c64e7,dress.soccer,available,25.99,25.99,high,low,5,namesilo,,,24/09/2026 12:08
11f7e7a5-bec8-4979-bedb-0f22d034c957,smarted.soccer,available,25.99,25.99,medium,low,7,namesilo,,,20/09/2026 16:41
37370986-11fd-43a2-a7eb-2ab21280f500,assembler.soccer,available,25.99,25.99,high,low,9,namesilo,,,20/09/2026 16:01
28ad708c-d5a2-413d-a2f1-c36424c386ba,blacktail.soccer,available,25.99,25.99,medium,low,9,namesilo,,,23/09/2026 23:51
127c4c34-7905-4a98-aacc-79604cd2edb4,balky.soccer,available,19.99,37.99,medium,low,5,name.com,,,08/08/2026 09:55
11048547-c54d-406c-9d38-45362951f2b7,curable.soccer,available,19.99,37.99,high,low,7,name.com,,,13/08/2026 10:59
f7665332-f260-47ca-b0b6-12739af2a223,norwegian.soccer,available,25.99,25.99,high,low,9,namesilo,,,25/09/2026 23:14
31ff0883-37f0-4131-818c-c7b4c0fcea31,spreading.soccer,available,25.99,25.99,medium,low,9,namesilo,,,10/09/2026 16:45
fb0c730c-a3dd-4d6f-b117-3555ca96417c,revived.soccer,available,25.99,25.99,high,low,7,namesilo,,,09/09/2026 11:00
8755f21a-ed99-41a8-926b-5811c82dd6b0,wolfbane.soccer,available,25.99,25.99,medium,low,8,namesilo,,,17/09/2026 02:09
4d5fefd6-1882-47ed-8684-5fb9a2b0e83b,alerting.soccer,available,25.99,25.99,high,low,8,namesilo,,,18/09/2026 05:27
5222b338-a121-4619-8498-e2c4d1d9415c,fish.soccer,available,19.99,,high,low,4,name.com,,,
c7ffa97f-1fc3-4f00-a442-1faeb4473fa0,orally.soccer,available,27.48,29.48,medium,low,6,namecheap,,,15/09/2026 18:11
59bfc12e-d04c-467c-aba0-d90131ed7c20,portable.soccer,available,25.99,25.99,high,low,8,namesilo,,,27/09/2026 04:40
e01a6b9a-d49a-49e5-a112-5ec54d640060,types.soccer,available,25.99,25.99,medium,low,5,namesilo,,,18/09/2026 16:19
be8d7715-4861-486a-94c8-82786fa3f4e4,soignee.soccer,available,25.99,25.99,medium,low,7,namesilo,,,10/09/2026 13:30
27bd35de-197b-4473-8b1f-91e4c69714fd,dionysian.soccer,available,19.99,37.99,medium,low,9,name.com,,,14/08/2026 08:24
0cce0ab6-974f-4703-86a2-7de1f82b88fc,aluminium.soccer,available,27.48,29.48,high,low,9,namecheap,,,18/09/2026 00:20
957f7e35-1352-4ced-a9c6-06c9f17f3b88,meal.soccer,available,25.99,25.99,high,low,4,namesilo,,,25/09/2026 09:17
8933c0c0-3529-4ee8-b166-e5e4d119b696,silence.soccer,available,25.99,25.99,high,low,7,namesilo,,,26/09/2026 00:17
bb4ddde8-1d06-42d3-bed4-4334db64472f,rabid.soccer,available,19.99,37.99,high,low,5,name.com,,,17/08/2026 21:52
6f45a8c1-39e6-4236-9812-3f9a25a4aa77,cleverly.soccer,available,19.99,,high,low,8,name.com,,,
f2f84cb8-fd39-4c9c-b550-7daf595a416a,vermillion.soccer,available,19.99,37.99,medium,low,10,name.com,,,12/08/2026 05:47
271871bf-f464-477c-a701-cc5bffbc1dbe,firstborn.soccer,available,19.99,37.99,high,low,9,name.com,,,16/08/2026 02:17
c50be4ad-751d-47b2-a58c-3d7e1b868dbb,burned.soccer,available,25.99,25.99,medium,low,6,namesilo,,,23/09/2026 11:37
ea73994f-3fe0-4e34-8416-9201226a1f1b,baseless.soccer,available,19.99,37.99,medium,low,8,name.com,,,08/08/2026 21:44
6e9b57b7-d470-46c0-a42e-76bfaad59fd8,overtly.soccer,available,25.99,25.99,medium,low,7,namesilo,,,15/09/2026 18:31
3d11052e-2fb1-4565-857f-9bd506bf9cb3,blossoming.soccer,available,19.99,37.99,high,low,10,name.com,,,18/08/2026 09:04
edc67c6d-6624-43aa-9df9-0401381abfba,mortimer.soccer,available,25.99,25.99,medium,low,8,namesilo,,,25/09/2026 23:45
0d204df9-cb2d-4b90-8b19-284c95c80b28,aurorean.soccer,available,19.99,37.99,medium,low,8,name.com,,,07/08/2026 18:12
7e51117e-0e3e-4aa3-9393-6c9896c48a16,mix.soccer,available,25.99,25.99,high,medium,3,namesilo,,,22/09/2026 03:09
638e1676-932e-477c-87ac-655095aa2a90,muscular.soccer,available,19.99,37.99,high,low,8,name.com,,,11/08/2026 02:50
80676145-d3f0-438d-b717-1d86c1ab0d79,alliance.soccer,available,25.99,25.99,high,low,8,namesilo,,,18/09/2026 07:42
fd59c1fd-be93-4191-b369-c3d29251c759,drinkable.soccer,available,19.99,37.99,high,low,9,name.com,,,14/08/2026 19:23
4f84f07c-445b-4b18-aec9-d6774b5c71ab,years.soccer,available,19.99,,high,low,5,name.com,,,
39fa1c7d-c1ab-44b0-97d6-c498138284e2,arethusa.soccer,available,25.99,25.99,medium,low,8,namesilo,,,20/09/2026 04:04
f01e9164-0388-481d-8ae7-6eac4e0618cd,numberless.soccer,available,19.99,37.99,high,low,10,name.com,,,13/08/2026 03:42
0bad57d5-d3a2-468c-bf18-e71ce6dd4267,shrubby.soccer,available,19.99,37.99,medium,low,7,name.com,,,18/08/2026 17:15
3c76c1fc-1c15-451c-8529-876aa5ec900f,bridal.soccer,available,19.99,37.99,high,low,6,name.com,,,11/08/2026 03:53
86500f5b-e0ba-4953-8d4b-7901c9d52245,hindu.soccer,available,19.99,37.99,high,low,5,name.com,,,21/08/2026 09:30
561d9856-18a5-4705-9ebe-e3103f36f13d,atlantic.soccer,available,19.99,37.99,high,low,8,name.com,,,07/08/2026 13:38
315a9f77-6609-42b4-be4a-23c1837a5742,runner.soccer,available,19.99,37.99,high,low,6,name.com,,,21/09/2026 22:22
c8811f71-2162-4e9d-93a9-401978b06d36,traveling.soccer,available,19.99,,high,low,9,name.com,,,
faccda8c-b932-4434-ac4a-e1a53a4dd5bd,undone.soccer,available,25.99,25.99,medium,low,6,namesilo,,,11/09/2026 01:55
f64858ff-cf29-4f60-b04e-6a4ee2f708b4,tantalize.soccer,available,27.48,29.48,medium,low,9,namecheap,,,21/09/2026 19:52
2e3ae1b6-58aa-4038-b16d-81e069668ae7,negro.soccer,available,19.99,37.99,medium,low,5,name.com,,,03/09/2026 15:10
3b5db231-317f-446d-95ad-375d5a0d06a4,pole.soccer,available,25.99,25.99,high,low,4,namesilo,,,24/09/2026 13:25
ed0e91f8-3c97-4558-8366-634c15d38c67,change.soccer,available,19.99,,high,medium,6,name.com,,,
2a20902b-3bd5-43cf-a837-29c14395ab6c,amaranth.soccer,available,25.99,25.99,high,low,8,namesilo,,,18/09/2026 15:50
48a6f4b3-745c-4cfe-a5ed-9c62075c24f4,bristol.soccer,available,25.99,25.99,high,low,7,namesilo,,,24/09/2026 10:36
8d313cc7-6a5a-4ffc-80f2-60e73abe60d9,contractor.soccer,available,27.48,29.48,high,low,10,namecheap,,,24/09/2026 17:45
bd6e92df-17d4-4ed1-865d-32ff32efbe49,bilsted.soccer,available,27.48,29.48,medium,low,7,namecheap,,,18/09/2026 20:49
8f9f9f8a-7dbd-48df-a8a2-d9a1ff43d947,loeb.soccer,available,20.9,20.9,high,low,4,spaceship,,,28/09/2026 02:11
570eda10-8e42-4be0-a594-5e4203696117,palish.soccer,available,25.99,25.99,medium,low,6,namesilo,,,04/09/2026 23:41
3b33a925-6b5d-497d-8524-1686a2597642,wintry.soccer,available,19.99,37.99,medium,low,6,name.com,,,18/08/2026 16:31
41e3849c-de38-4a9d-9d97-8a69cde80e7c,carambola.soccer,available,25.99,25.99,medium,low,9,namesilo,,,21/09/2026 09:14
5a2dbe4d-2605-4079-931c-cdce11e257bc,buzz.soccer,available,25.99,25.99,high,low,4,namesilo,,,25/09/2026 00:26
39f7cdec-9a23-4aa1-b213-a614d53a7283,beleaguer.soccer,available,25.99,25.99,high,low,9,namesilo,,,21/09/2026 17:03
3fb56c4f-9c3c-4d91-b2f0-5095562a2e45,flattering.soccer,available,19.99,37.99,high,low,10,name.com,,,18/08/2026 06:57
b826f4c3-c56a-46ce-9ec6-4c33da408341,wandered.soccer,available,25.99,25.99,medium,low,8,namesilo,,,18/09/2026 02:36
eea28ec3-85c6-4e7b-8b80-35200a9e5cb1,bps.soccer,available,25.99,25.99,high,low,3,namesilo,,,23/09/2026 22:46
cbfc4623-2cba-476e-b241-7099622ee30f,radically.soccer,available,25.99,25.99,medium,low,9,namesilo,,,15/09/2026 22:20
93848c8c-eee2-46f5-87dc-34612e57464d,stops.soccer,available,19.99,,high,low,5,name.com,,,
de4aa05f-6e7a-4fb1-bc26-476832bad192,granddaughter.soccer,available,19.99,,high,low,13,name.com,,,
0b47f7d4-87c0-4182-972f-b121887e6351,aeolis.soccer,available,25.99,25.99,low,low,6,namesilo,,,17/09/2026 12:32
25632eab-853b-4072-ba7a-69c3fbe6729e,sluggish.soccer,available,25.99,25.99,medium,low,8,namesilo,,,10/09/2026 11:29
d21fd797-9bd0-4d16-af29-b27e5dff16c3,disguised.soccer,available,19.99,37.99,medium,low,9,name.com,,,12/08/2026 11:30
db5541e9-7825-4d07-8639-610c2dde19a7,bentonite.soccer,available,25.99,25.99,high,low,9,namesilo,,,23/09/2026 08:46
d73f9642-9821-4016-b012-3fb178e081b0,pitted.soccer,available,19.99,37.99,medium,low,6,name.com,,,
a5f471ec-e87d-4c3a-8f0f-b9cb8fe04eba,funfair.soccer,available,27.48,29.48,high,low,7,namecheap,,,24/09/2026 16:14
a7285fbb-f629-4dc1-9446-79e675752a3d,stimulant.soccer,available,19.99,37.99,high,low,9,name.com,,,17/08/2026 16:30
6b45e144-7f68-45d1-b9b4-bcf234f2d68d,merchants.soccer,available,25.99,25.99,medium,low,9,namesilo,,,18/09/2026 04:36
65401142-d39a-41b3-95df-6811ba1bd213,ashlar.soccer,available,27.48,29.48,high,low,6,namecheap,,,20/09/2026 13:55
071e7345-a0fa-4719-a908-db70e360d337,brace.soccer,available,19.99,37.99,high,low,5,name.com,,,11/08/2026 00:41
1eea4f6c-6b3b-4eba-a3bc-b852dd21fda1,tomorrow.soccer,available,19.99,,high,medium,8,name.com,,,
718a8995-1d6b-4728-b14e-9067759d5cdc,mla.soccer,available,20.9,20.9,high,low,3,spaceship,,,28/09/2026 03:26
150fc246-a5fa-4f32-81b1-9dc6bb2d4a0d,unpaired.soccer,available,25.99,25.99,medium,low,8,namesilo,,,12/09/2026 15:30
8380c998-500f-45c3-87aa-4c0ca157969d,baptized.soccer,available,19.99,37.99,high,low,8,name.com,,,08/08/2026 14:55
719037f7-f919-45e1-8259-5fb55b30b278,emeritus.soccer,available,19.99,37.99,high,low,8,name.com,,,16/08/2026 15:05
435edbef-4d30-4643-a0d1-a0d2af322e4f,ascription.soccer,available,27.48,29.48,medium,low,10,namecheap,,,20/09/2026 13:27
4f27b29c-6cc8-40a3-820d-9d189690e5f4,softly.soccer,available,27.48,29.48,high,low,6,namecheap,,,27/09/2026 03:45
c31b20b0-e4f3-4233-a085-0988b4e7f589,dickhead.soccer,available,19.99,37.99,medium,low,8,name.com,,,08/08/2026 23:34
7d227daf-1b8c-4006-9d73-a34c78165240,acetabulum.soccer,available,25.99,25.99,medium,low,10,namesilo,,,16/09/2026 23:45
951835f3-0d9a-47ed-8353-69df4c652825,volar.soccer,available,25.99,25.99,medium,low,5,namesilo,,,05/09/2026 00:00
b86fce72-c7df-4720-85a3-5962a1dae202,sketch.soccer,available,43.99,43.99,high,low,6,godaddy,,,28/09/2026 01:36
a79c116b-3166-4def-b48c-bd4992773145,gregorian.soccer,available,19.99,37.99,high,low,9,name.com,,,20/08/2026 19:58
f9d1eee3-7de0-49ba-8f6d-07cbb486600f,situation.soccer,available,19.99,,high,low,9,name.com,,,
d3ef5818-8096-4fc9-bd29-df1fbf3f94a9,tribute.soccer,available,19.99,,high,low,7,name.com,,,
8eeebd60-7ffe-4219-b7d5-ccb8894ef820,welles.soccer,available,25.99,25.99,high,low,6,namesilo,,,27/09/2026 04:13
47f24be4-7b78-4c16-a49c-1ec3d23ffa0b,laxative.soccer,available,19.99,37.99,high,low,8,name.com,,,22/08/2026 21:25
693c6c63-4fc8-46d0-b8b6-70621477c6d8,aryan.soccer,available,,,high,high,5,,,,
b266a6a1-c68a-4b7a-acd1-af607ff18140,dumpy.soccer,available,19.99,37.99,medium,low,5,name.com,,,14/08/2026 21:10
4d30abb2-cb72-4314-b6e1-5b5b0fa8e767,defile.soccer,available,19.99,37.99,medium,low,6,name.com,,,24/08/2026 12:53
0744e4e8-8cba-4a62-9587-073bbfcbf641,scandent.soccer,available,25.99,25.99,medium,low,8,namesilo,,,09/09/2026 22:32
1c8afa10-674c-4cb2-b59f-8a8e16becbb9,governable.soccer,available,19.99,37.99,medium,low,10,name.com,,,12/08/2026 23:44
3e76be99-2b20-47ab-8a21-34d5883d6618,ending.soccer,available,25.99,25.99,high,low,6,namesilo,,,25/09/2026 05:36
2b5da571-269f-43f4-913d-e213adbc8af7,seasonally.soccer,available,25.99,25.99,medium,low,10,namesilo,,,16/09/2026 00:48
13a26048-80db-4bba-8146-3913834d58e3,minds.soccer,available,27.48,29.48,medium,low,5,namecheap,,,25/09/2026 20:20
5225ef19-95a5-4078-b62f-3fade2dd50a2,nicholson.soccer,available,27.48,29.48,high,low,9,namecheap,,,25/09/2026 15:56
63117d76-2037-4681-b152-81d672f0dc6b,tommyrot.soccer,available,25.99,25.99,medium,low,8,namesilo,,,21/09/2026 23:53
86211051-f836-4126-bb6a-a693cbe2ba05,heilong.soccer,available,25.99,25.99,medium,low,7,namesilo,,,19/09/2026 00:15
cdfb8252-4de9-4989-85b5-19277354f8fd,cherubic.soccer,available,19.99,37.99,high,low,8,name.com,,,12/08/2026 04:25
909a7f75-abe8-4555-a80d-f2db5a189b4c,glad.soccer,available,27.48,29.48,high,low,4,namecheap,,,22/09/2026 18:28
c3bac1fb-c31a-4641-8a5f-9192aaaefec7,richly.soccer,available,25.99,25.99,high,low,6,namesilo,,,13/09/2026 19:38
b0feb4b2-b82a-491f-a72a-b02a26ad5521,sift.soccer,available,19.99,,high,low,4,name.com,,,
db3cabc1-d8f4-408d-aaa4-ae0445d59af3,edgy.soccer,available,19.99,37.99,high,low,4,name.com,,,15/08/2026 08:39
6f986a1c-a5ce-4983-8b26-5c07e53c1070,lubricious.soccer,available,19.99,37.99,medium,low,10,name.com,,,24/08/2026 10:50
e030f2ea-3277-4c55-a71e-51c30f850374,samples.soccer,available,25.99,25.99,medium,low,7,namesilo,,,20/09/2026 18:39
dffc927c-4453-4bfd-8776-5440c6fbb69b,crystal.soccer,available,19.99,,high,low,7,name.com,,,
efab0e3c-61c5-4a63-a8bf-1a518f368c11,longroot.soccer,available,25.99,25.99,medium,low,8,namesilo,,,20/09/2026 03:40
6613fac8-139a-4ce3-a2fe-1c2676800f97,blinded.soccer,available,19.99,37.99,medium,low,7,name.com,,,10/08/2026 14:24
247cb7da-d009-422c-8051-1aeecf717928,polemic.soccer,available,25.99,25.99,medium,low,7,namesilo,,,08/09/2026 22:51
38635e9c-4827-4c5a-93c5-250f8122e25c,disappointment.soccer,available,19.99,,medium,low,14,name.com,,,
c2949ff6-9eca-4f1a-b5e6-041138f4475b,cdp.soccer,available,20.9,20.9,high,low,3,spaceship,,,28/09/2026 03:37
4abefebb-5ffe-4145-9ea7-c4838cd6aa34,filar.soccer,available,19.99,37.99,medium,low,5,name.com,,,18/08/2026 04:10
78ffdd52-f76b-47c8-9355-1ac9f50ed30e,wrinkle.soccer,available,19.99,37.99,medium,low,7,name.com,,,13/08/2026 07:11
22cd1307-9893-4b92-9d58-951f2ae6a041,angiology.soccer,available,25.99,25.99,medium,low,9,namesilo,,,19/09/2026 06:13
2caed7a8-eb62-45f0-947a-b0cb9321e1fd,acherontic.soccer,available,19.99,37.99,medium,low,10,name.com,,,
9e9de675-51fc-4398-80e8-e741f96aa575,ataxia.soccer,available,25.99,25.99,medium,low,6,namesilo,,,20/09/2026 19:46
764ef19b-037c-43ea-8d79-354aa52f1722,churchly.soccer,available,19.99,37.99,medium,low,8,name.com,,,12/08/2026 07:48
55b9e665-2d0f-464e-84e8-14209d146453,fathomable.soccer,available,19.99,37.99,medium,low,10,name.com,,,17/08/2026 23:40
3e4000af-73f6-47ce-b7c1-9f303438496f,eightfold.soccer,available,19.99,37.99,medium,low,9,name.com,,,15/08/2026 21:27
a30d6475-906c-4904-9e1e-624fd7b2badb,slipped.soccer,available,25.99,25.99,high,low,7,namesilo,,,18/09/2026 02:25
5d5ade95-f83b-407b-862b-0d67bab7b890,biweekly.soccer,available,19.99,37.99,high,low,8,name.com,,,10/08/2026 09:30
5acfa7f3-8830-4e37-bb42-a48e10b4ffe4,planless.soccer,available,19.99,37.99,medium,low,8,name.com,,,
2b444987-3cfa-432b-b9b2-9db40070dc95,liveable.soccer,available,19.99,37.99,high,low,8,name.com,,,24/08/2026 07:44
18859537-349a-4556-82bb-cc54950fe399,perform.soccer,available,19.99,,high,low,7,name.com,,,
12c637d1-d01a-45c5-8850-0ad76b1932de,filling.soccer,available,25.99,25.99,high,low,7,namesilo,,,25/09/2026 22:48
922a672b-59f8-42db-8e09-d42a128c5bb8,sincere.soccer,available,27.48,29.48,high,low,7,namecheap,,,24/09/2026 13:03
4696afb6-46fd-4f56-8971-9d93a7462421,uncaring.soccer,available,25.99,25.99,medium,low,8,namesilo,,,12/09/2026 00:02
eaa6130f-6aa4-4883-84fb-a7ab54d8d7ec,asserted.soccer,available,19.99,37.99,medium,low,8,name.com,,,07/08/2026 05:54
6700fe65-e8e8-495a-84b8-006e65729347,hebridean.soccer,available,19.99,37.99,medium,low,9,name.com,,,21/08/2026 05:45
971c594b-56ca-4702-b2df-dcf6a4a4b919,sheriff.soccer,available,25.99,25.99,high,low,7,namesilo,,,27/09/2026 15:50
cd5a9744-73eb-4803-9a20-627fd833945a,wilder.soccer,available,27.48,29.48,high,low,6,namecheap,,,23/09/2026 16:50
5fa42a88-2c99-426f-a508-a767bfc4576f,ruse.soccer,available,27.48,29.48,medium,low,4,namecheap,,,20/09/2026 11:33
f6939c9b-d719-4cf5-a92f-07c4b2178a8f,addable.soccer,available,19.99,37.99,medium,low,7,name.com,,,
65a828a5-d83f-41e8-ab1e-8034681c6b61,obliging.soccer,available,19.99,37.99,high,low,8,name.com,,,12/08/2026 19:27
e846e7b0-6720-4393-b08b-ca7d6402af34,bud.soccer,available,19.99,,high,low,3,name.com,,,
6a075c29-7739-491a-8c6d-654e1c052ffd,bigot.soccer,available,25.99,25.99,medium,low,5,namesilo,,,23/09/2026 15:20
59d1e7ba-3c03-4016-91c4-40e1cd51f152,dives.soccer,available,19.99,,high,low,5,name.com,,,
63d60c4b-34e9-45db-b991-ba32815b0e8b,peanut.soccer,available,25.99,25.99,high,low,6,namesilo,,,08/09/2026 11:13
402eb246-3fec-4017-9b47-b1fde2f9fe97,choc.soccer,available,19.99,,high,low,4,name.com,,,
e1b50aa8-8864-42da-ace3-c6193b90624c,ocellated.soccer,available,25.99,25.99,medium,low,9,namesilo,,,04/09/2026 00:29
f1fb1a7e-6ed7-417d-9882-60c6d7d283c7,pitching.soccer,available,19.99,,high,low,8,name.com,,,
c5951a8a-ca77-4938-a16f-9db2d48fa205,riyadh.soccer,available,19.99,,high,low,6,name.com,,,
a483fdc2-494d-4b8a-9411-1a2b00c9c82c,whiskered.soccer,available,19.99,37.99,medium,low,9,name.com,,,08/08/2026 16:15
bc495c46-f723-4558-b7e6-8346ba982d45,couple.soccer,available,19.99,,high,low,6,name.com,,,
98d18667-9c8d-49aa-97bf-abe9c4159655,thousandth.soccer,available,19.99,37.99,high,low,10,name.com,,,
a0079843-b02d-40f7-ac05-18294e3e8712,loses.soccer,available,25.99,25.99,medium,low,5,namesilo,,,27/09/2026 11:07
ca2683d7-efb4-46f5-b09f-6f9c288fc2ff,bareback.soccer,available,19.99,37.99,medium,low,8,name.com,,,08/08/2026 18:38
fd5f2948-2f73-4609-bda9-fadbf4ec3630,regulatory.soccer,available,25.99,25.99,high,low,10,namesilo,,,09/09/2026 13:17
bad39e90-0392-4584-a0bc-39a99d2f33be,baldwin.soccer,available,25.99,25.99,high,low,7,namesilo,,,16/09/2026 12:19
ba3acae8-24ef-4140-8ba3-75bf7d3c832c,brickle.soccer,available,19.99,37.99,medium,low,7,name.com,,,11/08/2026 03:49
3a5b2225-be6b-46d1-bd84-dd1448986cd9,bizet.soccer,available,25.99,25.99,medium,low,5,namesilo,,,23/09/2026 23:23
98341219-2f85-4db9-986c-3c48eb2b3049,virgil.soccer,available,27.48,29.48,high,low,6,namecheap,,,28/09/2026 02:58
efdd29d7-fb22-4df3-84cc-5ec78888066a,abstruse.soccer,available,19.99,37.99,medium,low,8,name.com,,,
7a702516-4f6d-4440-9a58-806129704e08,witless.soccer,available,27.48,29.48,medium,low,7,namecheap,,,03/09/2026 17:49
b48ea61f-c84e-4937-8d72-0a9f23018373,legato.soccer,available,19.99,37.99,high,low,6,name.com,,,22/08/2026 22:53
e46c333b-0f0a-4bb8-b4de-d726c96f22d7,audrey.soccer,available,25.99,25.99,high,low,6,namesilo,,,25/09/2026 14:38
aef5d180-0a72-49c0-bca9-a8089fc88add,frisky.soccer,available,19.99,37.99,high,low,6,name.com,,,18/08/2026 16:02
6837072c-31cc-4c39-b8e7-85c7aaacec85,lxv.soccer,available,19.99,37.99,medium,low,3,name.com,,,
054a50c3-8834-4d11-9266-7b71a7e0d7b4,taller.soccer,available,25.99,25.99,medium,low,6,namesilo,,,19/09/2026 00:16
0bbb80c0-1cd9-424b-9d3a-0f6cc5ca8a11,variance.soccer,available,25.99,25.99,high,low,8,namesilo,,,13/09/2026 01:16
fec6438e-9ef1-412d-aca7-13a616c79001,flaxseed.soccer,available,25.99,25.99,high,low,9,namesilo,,,16/09/2026 10:28
83eb8d0c-ebaa-4fc0-90db-5286d14a8fb2,assassin.soccer,available,25.99,25.99,high,low,8,namesilo,,,20/09/2026 15:43
62463a49-2ffc-4afa-8dbd-6f3bb14abbc0,balsam.soccer,available,25.99,25.99,high,low,6,namesilo,,,22/09/2026 00:04
43632bb4-bff8-4a1b-b6c4-5843e46984c4,chevron.soccer,available,25.99,25.99,high,low,7,namesilo,,,24/09/2026 14:21
e0ee1c25-52ec-4873-9395-31d24b5dd4d6,posture.soccer,available,25.99,25.99,high,low,7,namesilo,,,23/09/2026 02:51
67584a44-e45b-490c-a05d-cb7bbf332ead,hope.soccer,available,25.99,25.99,high,medium,4,namesilo,,,24/09/2026 06:22
2f2b84c6-5452-4a53-aa87-2ec726e9a65b,sharp.soccer,available,25.99,25.99,high,low,5,namesilo,,,21/09/2026 16:42
3335238a-3722-4d56-83bd-f2b0c8cee529,salim.soccer,available,27.48,29.48,high,low,5,namecheap,,,19/09/2026 04:37
2c64045e-2ae7-4cad-91b4-016a9f16ceca,cigarette.soccer,available,25.99,25.99,high,low,9,namesilo,,,25/09/2026 04:15
c0c30585-a273-4864-a559-a1916f9db38e,babyhood.soccer,available,27.48,29.48,high,low,8,namecheap,,,21/09/2026 13:48
d093c1f3-f388-4d6c-a7bc-0d34a7ad34e2,deciduous.soccer,available,19.99,37.99,medium,low,9,name.com,,,13/08/2026 21:26
1a324098-6b89-4dac-ac23-a038b6565027,squatting.soccer,available,25.99,25.99,medium,low,9,namesilo,,,10/09/2026 17:35
8ff64704-61d1-42e0-82fe-29efe875edf1,egg.soccer,available,19.99,,high,low,3,name.com,,,
6a472099-57ec-452f-bb72-417f006d536d,aides.soccer,available,27.48,29.48,high,low,5,namecheap,,,17/09/2026 20:51
f8bee644-b789-4c6b-8f71-f3f38b71fd7b,tests.soccer,available,25.99,25.99,high,low,5,namesilo,,,17/09/2026 22:12
0d7426a7-95d2-4ea0-9326-5f51f4370b13,carriage.soccer,available,19.99,,high,low,8,name.com,,,
04198da2-8e01-4ff5-ab94-185667fd1172,campaigning.soccer,available,19.99,,high,low,11,name.com,,,
cadacd1c-98be-477b-b1dd-1c21bb134115,divisible.soccer,available,19.99,37.99,high,low,9,name.com,,,14/08/2026 13:57
1926db65-23e7-4109-bff9-100ddd2ae8c0,charitable.soccer,available,19.99,37.99,high,low,10,name.com,,,12/08/2026 02:34
a62989df-b0ef-4a13-b741-64a232f08e92,gyroplane.soccer,available,25.99,25.99,medium,low,9,namesilo,,,21/09/2026 06:27
db2f819f-f05a-40ec-b8e6-7bf03ff36733,wisent.soccer,available,25.99,25.99,medium,low,6,namesilo,,,21/09/2026 04:34
066a7880-3e71-4769-bb93-327967184e25,heliac.soccer,available,19.99,37.99,medium,low,6,name.com,,,21/08/2026 06:28
ca99129b-52d1-4c72-97a4-bd8d1a2959f8,lugubrious.soccer,available,19.99,37.99,medium,low,10,name.com,,,24/08/2026 11:04
add6da33-3eb6-4f98-9307-610de523da19,carangid.soccer,available,19.99,37.99,medium,low,8,name.com,,,11/08/2026 18:31
df55a098-3921-42ab-a441-614f71a51406,rally.soccer,available,27.48,29.48,high,medium,5,namecheap,,,21/09/2026 19:55
73dc5465-19d0-4c16-b987-dfdda6284cb3,ontop.soccer,available,25.99,25.99,medium,low,6,namesilo,,,16/09/2026 09:10
f83090ae-078d-4eac-ae57-6fc0020e16cc,booze.soccer,available,25.99,25.99,medium,low,5,namesilo,,,24/09/2026 07:21
aa8dacfc-6d3d-49d3-a6d5-716229d61b1b,reyes.soccer,available,25.99,25.99,high,low,5,namesilo,,,25/09/2026 23:52
55b9bf5d-4f39-43f1-acb3-97a958c4fd78,cytologic.soccer,available,19.99,37.99,medium,low,9,name.com,,,13/08/2026 14:39
252d7f6f-7361-4026-9c1f-dd6d40eacc71,nazarene.soccer,available,19.99,37.99,high,low,8,name.com,,,14/08/2026 23:06
2ec91f86-a39e-4aaf-a7e8-23634ad80814,finalize.soccer,available,19.99,,high,low,8,name.com,,,
c8b76518-64ea-4ed5-bae9-273b2a987882,procedural.soccer,available,25.99,25.99,high,low,10,namesilo,,,09/09/2026 02:31
0e5681c8-2f8e-421f-aca3-f0fac1b9b4c3,statute.soccer,available,27.48,29.48,high,low,7,namecheap,,,10/09/2026 19:18
ebcfaa24-5556-4133-bf58-2c72299ab23f,potable.soccer,available,19.99,37.99,high,low,7,name.com,,,14/08/2026 19:25
b80c1655-42ba-4b30-bcfc-b641c867e4b0,twirl.soccer,available,25.99,25.99,high,low,5,namesilo,,,28/09/2026 02:49
35e68b73-331e-4f73-a93b-134bd23ed7d4,village.soccer,available,25.99,25.99,high,low,7,namesilo,,,25/09/2026 06:43
dce13e67-12c4-41fa-af91-5b532e621d50,proves.soccer,available,25.99,25.99,medium,low,6,namesilo,,,18/09/2026 07:04
71f90d04-9d93-46ef-b990-52f67d972f26,wing.soccer,available,25.99,25.99,high,low,4,namesilo,,,22/09/2026 15:49
a598fd48-f940-41b8-a0a8-e78e908c551c,skinny.soccer,available,19.99,37.99,high,low,6,name.com,,,12/08/2026 04:01
8dc7b2fb-dbae-4bf4-a0bf-3cc61076b4bb,manson.soccer,available,43.99,43.99,high,low,6,godaddy,,,28/09/2026 02:18
0ae8cf18-3e63-45fd-8d39-48592b8acf74,bemidji.soccer,available,25.99,25.99,medium,low,7,namesilo,,,23/09/2026 07:16
ae9556a0-c0d5-4431-aeb5-0f87974f2f15,biont.soccer,available,27.48,29.48,medium,low,5,namecheap,,,23/09/2026 18:48
51c17ed3-d7c8-411d-976b-672e5c3a1cb0,trilingual.soccer,available,25.99,25.99,high,low,10,namesilo,,,11/09/2026 19:48
eca86cf4-953e-4604-b8be-30b25e7642b9,subsidiary.soccer,available,19.99,37.99,high,low,10,name.com,,,22/09/2026 14:17
d77d7c96-36de-40ba-b152-ea21f5ceef0f,seconds.soccer,available,25.99,25.99,high,low,7,namesilo,,,25/09/2026 18:47
6e1a1157-3c0b-4b43-a2fd-4bdf18b2ea6f,addiction.soccer,available,25.99,25.99,high,low,9,namesilo,,,17/09/2026 06:53
50dc13fa-407a-49f5-8ad8-36528b934df4,mafia.soccer,available,27.48,29.48,high,low,5,namecheap,,,24/09/2026 18:28
5396f898-cb63-428d-8544-555511606a31,designer.soccer,available,25.99,25.99,high,low,8,namesilo,,,20/09/2026 02:12
52146fd6-699b-4143-b256-4f5053b5d460,variform.soccer,available,25.99,25.99,medium,low,8,namesilo,,,13/09/2026 01:22
7565c937-f8d7-4d00-b64f-72f9db2e9f34,handled.soccer,available,19.99,37.99,high,low,7,name.com,,,20/08/2026 23:28
34e4289a-9781-4ea5-926e-279f32e81b51,cuvier.soccer,available,19.99,37.99,high,low,6,name.com,,,22/09/2026 07:06
b75187b4-b2e7-4308-8459-e5481916692e,john.soccer,available,25.99,25.99,high,medium,4,namesilo,,,09/09/2026 02:17
3fddf646-0814-489b-a7d5-101d35917a6c,dryness.soccer,available,27.48,29.48,high,low,7,namecheap,,,24/09/2026 22:51
27cb6043-b606-4d5d-a7ba-5ea77b47dd59,boron.soccer,available,25.99,25.99,medium,low,5,namesilo,,,20/09/2026 23:12
9f15af55-9f09-4c3f-95fb-5b757fda7c67,phone.soccer,available,19.99,,high,low,5,name.com,,,
f26ef52f-fb9a-4bf7-a908-9d269bd7916b,jennings.soccer,available,27.48,29.48,high,low,8,namecheap,,,25/09/2026 19:32
466fd69d-213c-4e8e-a69e-95e3df8dad84,shag.soccer,available,19.99,37.99,medium,low,4,name.com,,,18/08/2026 17:33
d991fcf1-8e34-410e-862d-d9e74bfb08ae,mauve.soccer,available,19.99,37.99,high,low,5,name.com,,,24/08/2026 17:37
ac27f412-562b-4d3d-bb73-a6857ba2642a,cracking.soccer,available,19.99,37.99,high,low,8,name.com,,,08/08/2026 12:25
2bdad71b-8939-4754-82f2-b470f08f559d,embrace.soccer,available,19.99,,high,low,7,name.com,,,
059d608d-ccf4-447e-9c52-9be556576591,reversible.soccer,available,25.99,25.99,high,low,10,namesilo,,,27/09/2026 14:17
ec21ba41-b2d9-4224-b83f-792e9d84ef36,cytherea.soccer,available,25.99,25.99,medium,low,8,namesilo,,,19/09/2026 17:16
3afe1d35-aef0-4a3f-b6ac-2243f6ca1f2f,hadrian.soccer,available,25.99,25.99,medium,low,7,namesilo,,,17/09/2026 09:58
b6ec2fed-2633-4633-8733-97eaf4d3d6d0,squeaky.soccer,available,25.99,25.99,medium,low,7,namesilo,,,10/09/2026 00:04
1f6453c9-c9f2-428f-84a1-f278f146da79,joseph.soccer,available,25.99,25.99,high,low,6,namesilo,,,24/09/2026 14:32
cb719efa-7e94-4ea2-a5a4-d67c46dbda2a,motherly.soccer,available,19.99,37.99,high,low,8,name.com,,,25/08/2026 07:06
da1cfdfe-2905-421d-b0f3-4caf3ad4dd27,charioteer.soccer,available,25.99,25.99,high,low,10,namesilo,,,21/09/2026 04:25
9e42d8e3-20fd-4f95-a003-d43a71bc199f,dolt.soccer,available,25.99,25.99,medium,low,4,namesilo,,,10/09/2026 23:09
e6bd251c-1695-4d67-88b5-95f5f94b4828,alprazolam.soccer,available,25.99,25.99,medium,low,10,namesilo,,,18/09/2026 14:08
dd0f1686-a756-40ca-9710-038a8f82dae1,towel.soccer,available,25.99,25.99,high,low,5,namesilo,,,28/09/2026 03:13
52a14033-436c-4e4d-9b5b-94db67fff04e,adulation.soccer,available,25.99,25.99,medium,low,9,namesilo,,,17/09/2026 10:04
001ea324-559a-465f-9abf-49df2c0e3ccb,indonesian.soccer,available,19.99,37.99,high,low,10,name.com,,,22/08/2026 03:20
76071b63-e468-4791-8b3b-0720d978943a,unexcited.soccer,available,25.99,25.99,medium,low,9,namesilo,,,12/09/2026 09:30
76e5be88-ce87-4bfd-a200-2ba45ef5f084,agonising.soccer,available,19.99,37.99,medium,low,9,name.com,,,
59b8a8ba-45c1-4f3a-9cf4-0c403e9bcd75,craftsman.soccer,available,25.99,25.99,high,low,9,namesilo,,,20/09/2026 11:49
3e5313f5-5b3e-4796-a0d1-a633f1a15bc0,phantasy.soccer,available,19.99,37.99,high,low,8,name.com,,,17/08/2026 21:58
555f6f23-2e03-4cf6-aacf-219b4390c50d,maybe.soccer,available,19.99,,high,low,5,name.com,,,
9b87d751-350f-40d8-bbb5-d30f106c4d31,goodwin.soccer,available,19.99,,high,low,7,name.com,,,
e9a9fab5-66c9-4387-8288-6e3c2764dd70,wallace.soccer,available,25.99,25.99,high,low,7,namesilo,,,18/09/2026 06:43
776cc8b9-ce4a-4f53-932e-d48939c48b9a,perfected.soccer,available,25.99,25.99,high,low,9,namesilo,,,27/09/2026 03:35
3e9ac46e-1a29-4590-bda4-be0ebafaa08a,madman.soccer,available,19.99,37.99,high,low,6,name.com,,,24/08/2026 11:20
be7ec907-9397-4c65-a9ba-7b6d99831a74,ponders.soccer,available,25.99,25.99,medium,low,7,namesilo,,,18/09/2026 02:06
f61b1eba-9eb9-496e-a33c-441092774081,immune.soccer,available,19.99,37.99,high,low,6,name.com,,,21/08/2026 21:26
2dac2a45-6c6e-4a22-b43a-a01a40dc8383,ketosis.soccer,available,27.48,29.48,medium,low,7,namecheap,,,17/09/2026 00:11
269262ea-fef4-4cbf-9288-e889fb62921b,blackball.soccer,available,25.99,25.99,medium,low,9,namesilo,,,03/09/2026 15:03
455d1fae-ae12-4daa-b734-9957b6baf08d,brumous.soccer,available,19.99,37.99,medium,low,7,name.com,,,11/08/2026 06:49
8967c074-fe17-4b7b-ac93-e0389585311c,gratified.soccer,available,19.99,37.99,high,low,9,name.com,,,20/08/2026 18:24
4b33d992-fcdb-4322-a184-1aeaaa24fb4b,bifocals.soccer,available,25.99,25.99,high,low,8,namesilo,,,23/09/2026 13:53
5a482ab6-9f9f-41a7-a90c-8aaa832f9d70,dictated.soccer,available,19.99,37.99,medium,low,8,name.com,,,14/08/2026 06:36
689ff0bf-8629-484b-b100-a3090d19d9a3,injectable.soccer,available,19.99,37.99,high,low,10,name.com,,,22/08/2026 05:36
5b997151-f177-472c-9aa6-2c0a5cc683b5,marie.soccer,available,25.99,25.99,high,low,5,namesilo,,,25/09/2026 17:44
544b574e-08a2-4cec-b60d-bf29a7cd7743,dude.soccer,available,19.99,37.99,high,low,4,name.com,,,13/08/2026 17:07
2b1308bb-ae12-4811-bff0-99f8369a5853,chasten.soccer,available,25.99,25.99,high,low,7,namesilo,,,11/09/2026 07:42
e6c5a99f-2f41-4811-98b6-7dd462812ad6,cordate.soccer,available,19.99,37.99,high,low,7,name.com,,,13/08/2026 00:50
0d100d3b-bd10-401d-84c7-03e7dab85adf,beingness.soccer,available,25.99,25.99,medium,low,9,namesilo,,,23/09/2026 04:19
32143e6e-9b1f-4ada-88ab-3e1bea4be540,sheikh.soccer,available,27.48,29.48,high,low,6,namecheap,,,19/09/2026 23:25
a17dd138-5c1d-40e3-ac9f-4cdce78f6411,unusually.soccer,available,19.99,37.99,medium,low,9,name.com,,,15/09/2026 23:04
120c9f99-ed0e-4d37-ac6a-f39c39275d77,annul.soccer,available,25.99,25.99,medium,low,5,namesilo,,,13/09/2026 06:39
af8454a7-6773-474e-afd6-77be5561df39,disadvantage.soccer,available,19.99,,high,low,12,name.com,,,
165a8958-fad5-414b-b587-6a4f4daa0e1e,notably.soccer,available,25.99,25.99,medium,low,7,namesilo,,,15/09/2026 16:54
c3bba7ca-ca20-45ec-8680-7fff79f98b38,honeymooning.soccer,available,25.99,25.99,high,low,12,namesilo,,,21/09/2026 06:04
4d3462a5-ffa2-413a-932b-b7c73f8db592,lorazepam.soccer,available,27.48,29.48,medium,low,9,namecheap,,,20/09/2026 21:27
51f981b2-482f-4eb7-99ba-431e28342b55,windless.soccer,available,25.99,25.99,medium,low,8,namesilo,,,13/09/2026 12:14
367e5485-9bec-4b5b-8034-861bb3160e98,mandelbrot.soccer,available,25.99,25.99,medium,low,10,namesilo,,,23/09/2026 08:35
601e8d55-a0d2-4b56-a989-6592d9818f2e,realty.soccer,available,19.99,37.99,high,low,6,name.com,,,21/08/2026 21:24
bed6a05d-13d7-4fbe-9833-b6b40d99f43a,onionskin.soccer,available,19.99,37.99,medium,low,9,name.com,,,18/08/2026 08:17
5fe48942-1da4-453b-889a-21bf54111bae,napping.soccer,available,25.99,25.99,high,low,7,namesilo,,,03/09/2026 13:07
9d08fd1b-1466-46eb-870c-49182d019f81,silhouettes.soccer,available,27.48,29.48,medium,low,11,namecheap,,,20/09/2026 11:57
723d47d0-2f40-45b4-add4-b06bcac549e3,original.soccer,available,25.99,25.99,high,low,8,namesilo,,,26/09/2026 00:32
711d5174-4a83-407b-8332-c4df32a5ed91,alpinist.soccer,available,25.99,25.99,medium,low,8,namesilo,,,18/09/2026 14:06
50cf1340-d486-4b92-ba2d-8830ae9ed1d2,thrasher.soccer,available,25.99,25.99,medium,low,8,namesilo,,,18/09/2026 13:24
dd062191-6b73-4508-a962-8054881b4aa7,arere.soccer,available,25.99,25.99,medium,low,5,namesilo,,,20/09/2026 03:56
0e3b7223-3d06-4994-bcc4-40b34405974a,atomistic.soccer,available,19.99,37.99,low,low,9,name.com,,,07/08/2026 13:42
a1d06eba-a00b-4448-bcb5-6604d8a1d69d,plumbago.soccer,available,25.99,25.99,medium,low,8,namesilo,,,24/09/2026 01:07
b5d5a590-21a4-4ba7-9d21-031cbc0ff2e9,unholy.soccer,available,19.99,37.99,medium,low,6,name.com,,,14/08/2026 01:33
f2a15c12-8ad1-4e20-a6e9-9a7e59e352b5,disorder.soccer,available,25.99,25.99,high,low,8,namesilo,,,24/09/2026 22:27
5fb93272-48c8-44e8-951f-d09abd7c16e1,ibanking.soccer,available,25.99,25.99,medium,low,9,namesilo,,,20/09/2026 00:37
32b16ac9-40e9-4000-bf38-96ecc3f12027,apparently.soccer,available,27.48,29.48,high,low,10,namecheap,,,08/09/2026 20:26
45a45e14-c0c0-4cda-ae6b-cf761a5ed19a,ascii.soccer,available,27.48,29.48,high,low,5,namecheap,,,18/09/2026 20:43
e1715fd1-935c-4b90-a0fb-1c94b9e46d08,lowell.soccer,available,25.99,25.99,high,low,6,namesilo,,,16/09/2026 14:32
88327cb7-1d12-4120-ae2d-cae25d9a0d0a,unwoven.soccer,available,25.99,25.99,medium,low,7,namesilo,,,12/09/2026 22:51
f9078f3f-44de-4a27-a5b9-b964ef9fcf0d,undefined.soccer,available,19.99,37.99,high,low,9,name.com,,,12/09/2026 07:13
9a1009f7-8d9d-4317-8570-1a4e17a5f97b,chivalrous.soccer,available,19.99,37.99,high,low,10,name.com,,,12/08/2026 06:14
a160ff4f-0c4a-4379-a2fd-78e2c845396d,blastema.soccer,available,25.99,25.99,medium,low,8,namesilo,,,24/09/2026 04:21
5e37b960-7f8b-46df-adff-5dfa05cf1847,resister.soccer,available,27.48,29.48,medium,low,8,namecheap,,,17/09/2026 10:48
27a15ecb-bbf7-43cc-bf8e-9720b160c55b,grimy.soccer,available,19.99,37.99,medium,low,5,name.com,,,09/08/2026 09:25
65efbb6a-ff10-49d3-86d5-21ae77396406,acts.soccer,available,19.99,,high,low,4,name.com,,,
55135015-8c7f-47bf-8372-805b18a80ea4,flashily.soccer,available,27.48,29.48,medium,low,8,namecheap,,,14/09/2026 18:54
4f578a48-49ee-46cb-85ec-0c0343078b74,satiny.soccer,available,27.48,29.48,medium,low,6,namecheap,,,09/09/2026 21:41
51810988-cad3-4658-b87a-ad0daf6922df,mistreated.soccer,available,19.99,37.99,medium,low,10,name.com,,,21/08/2026 19:35
b3ad1935-7143-4531-be33-089dccccd879,bewilder.soccer,available,27.48,29.48,high,low,8,namecheap,,,21/09/2026 17:30
02d5e6d6-fdf9-4770-a6cf-346ad5cead9d,petite.soccer,available,19.99,37.99,medium,low,6,name.com,,,08/08/2026 14:24
4ccb091c-65e5-4380-b924-31a4777f6f25,allure.soccer,available,25.99,25.99,high,low,6,namesilo,,,18/09/2026 12:11
6af2feaa-cc0c-4032-961a-709fd466d5be,remind.soccer,available,27.48,29.48,high,low,6,namecheap,,,24/09/2026 20:14
97560343-8cc2-44fa-aa1b-18b282bc4982,stretchout.soccer,available,25.99,25.99,medium,low,11,namesilo,,,17/09/2026 05:03
c6d6cc91-94f6-421d-996e-0c4813095aee,receptions.soccer,available,25.99,25.99,medium,low,10,namesilo,,,20/09/2026 06:10
f1495ec4-336f-45c7-a9e5-7e48d3e56251,vince.soccer,available,25.99,25.99,high,low,5,namesilo,,,27/09/2026 07:24
11aec2a0-eb47-44d4-bb79-73abf7cdcf87,activity.soccer,available,19.99,,high,low,8,name.com,,,
2278b32c-d60e-47ad-a661-22eee469d188,unintended.soccer,available,25.99,25.99,medium,low,10,namesilo,,,12/09/2026 13:30
0d1c93d7-8772-4a8f-9fc4-0cd0b4d04f76,theresa.soccer,available,27.48,29.48,high,low,7,namecheap,,,17/09/2026 18:43
3aee8fe5-a09f-4956-b52e-ef67ba8d4bb8,racial.soccer,available,25.99,25.99,high,low,6,namesilo,,,09/09/2026 09:19
da29854e-cfc0-4c13-85dc-817779e304ee,lawrencium.soccer,available,25.99,25.99,medium,low,10,namesilo,,,20/09/2026 22:00
cdc1c1ab-f463-4b7c-8be8-580ff876524a,transient.soccer,available,25.99,25.99,high,low,9,namesilo,,,24/09/2026 14:26
a2cde9b5-c743-458d-a56e-d6679cd22d67,unburied.soccer,available,25.99,25.99,medium,low,8,namesilo,,,12/09/2026 04:40
f2a11b6b-2cb8-4ab6-87f5-ed15ebc99d87,personnel.soccer,available,25.99,25.99,high,low,9,namesilo,,,27/09/2026 15:14
e999cc8a-6968-44aa-9dc8-b00d9f173c5a,slaty.soccer,available,25.99,25.99,medium,low,5,namesilo,,,10/09/2026 10:19
e9a7e27f-88e0-4bd8-a6c2-6b069e2db666,analogical.soccer,available,19.99,37.99,medium,low,10,name.com,,,
55d3a68d-0a9a-4bcf-b023-3236fbfac885,hang.soccer,available,19.99,,high,low,4,name.com,,,
50cd8b5e-977a-42ce-ad3b-135e063ea94c,trumpery.soccer,available,19.99,37.99,medium,low,8,name.com,,,18/08/2026 23:50
45013e76-f481-4851-b100-0692b2ad3b4b,herbaceous.soccer,available,19.99,37.99,medium,low,10,name.com,,,21/08/2026 06:56
0652ea5f-d187-4043-8c64-e2de6fbdd757,antigenic.soccer,available,19.99,37.99,medium,low,9,name.com,,,
eb51c5e9-938b-47a8-8edb-c48f96bd3c70,binoculars.soccer,available,25.99,25.99,high,low,10,namesilo,,,23/09/2026 17:37
04649d03-d6c3-4a6b-9d11-203f4ad74ddd,gallium.soccer,available,25.99,25.99,medium,low,7,namesilo,,,20/09/2026 22:50
b3517fb4-54c5-4dca-bdd4-610b1e5e6f59,achieve.soccer,available,25.99,25.99,high,low,7,namesilo,,,28/09/2026 03:16
d7f59e13-e3d7-4c18-bdc6-546a14a077b1,unprepared.soccer,available,25.99,25.99,medium,low,10,namesilo,,,12/09/2026 17:22
c78ae1f1-9bd1-4e81-903f-c5aca8c190ff,abasia.soccer,available,25.99,25.99,medium,low,6,namesilo,,,16/09/2026 14:05
459afc68-c138-40f8-b1df-529748979175,feather.soccer,available,19.99,,high,low,7,name.com,,,
d2834855-7206-4016-90d5-39ae1fad9636,gravel.soccer,available,25.99,25.99,high,low,6,namesilo,,,21/09/2026 17:36
f516e648-3489-4538-a0a4-93f532f97ed8,heading.soccer,available,25.99,25.99,high,low,7,namesilo,,,25/09/2026 07:40
4c280ca3-ba6a-4a6c-ae72-b5ea53be2840,ages.soccer,available,19.99,,medium,low,4,name.com,,,
31fa9ce4-b8da-4b15-918f-6920d6795b51,austral.soccer,available,19.99,37.99,medium,low,7,name.com,,,07/08/2026 18:26
e2d08e89-e909-4b7c-a487-ec673dd26005,godless.soccer,available,19.99,37.99,medium,low,7,name.com,,,20/08/2026 16:02
a1cd4aa3-cf61-4cab-9f2b-46c8cb784f3a,appro.soccer,available,27.48,29.48,high,low,5,namecheap,,,19/09/2026 22:20
0266238a-decf-455c-b3d1-7a6b5e066173,gould.soccer,available,25.99,25.99,high,low,5,namesilo,,,25/09/2026 06:39
67461ce0-1fa8-429c-8d6d-3030c444e98b,tank.soccer,available,25.99,25.99,high,low,4,namesilo,,,20/09/2026 07:27
f0a7a3c1-961b-41d1-926c-0d447aee2462,drearily.soccer,available,19.99,37.99,medium,low,8,name.com,,,14/09/2026 13:12
c2bc2d33-e4ce-45d2-9425-3f9eeed94f9f,sometimes.soccer,available,25.99,25.99,high,low,9,namesilo,,,16/09/2026 04:53
0c311a36-2f32-49bc-8c26-ae939a0c5467,assorted.soccer,available,19.99,37.99,medium,low,8,name.com,,,07/08/2026 07:25
04d692ce-5114-4ef2-b7e8-5e5554d3089d,wieldy.soccer,available,25.99,25.99,medium,low,6,namesilo,,,13/09/2026 11:52
afc0e1ca-b801-4b82-b74c-2dffa5a3a349,bawd.soccer,available,19.99,37.99,medium,low,4,name.com,,,13/08/2026 14:22
e8a13784-a00e-44a4-bf61-6e6bb93e49b8,unlikeable.soccer,available,25.99,25.99,medium,low,10,namesilo,,,12/09/2026 00:56
58c97a49-0dd6-42f7-b835-6eb4675cc70c,proofed.soccer,available,25.99,25.99,medium,low,7,namesilo,,,09/09/2026 03:24
2da8c306-82fc-4224-a7fe-0432cf13265e,floccose.soccer,available,19.99,37.99,medium,low,8,name.com,,,18/08/2026 08:36
9eeaf36c-7be2-41d0-ac73-1cb415a32b5c,monocled.soccer,available,19.99,37.99,medium,low,8,name.com,,,09/08/2026 17:15
7e4486ab-65ab-4754-9551-a786681a5b11,beelzebub.soccer,available,25.99,25.99,medium,low,9,namesilo,,,23/09/2026 01:23
73099841-4202-4cb1-bcd8-19c919cd66b4,skittish.soccer,available,25.99,25.99,medium,low,8,namesilo,,,10/09/2026 09:48
ec3b2993-c5de-41b4-b37a-06c0cfc44ce7,alca.soccer,available,25.99,25.99,high,low,4,namesilo,,,18/09/2026 03:36
8b0abc0c-a353-48d6-b509-5d166dc5fd34,tanks.soccer,available,19.99,,high,low,5,name.com,,,
56e39d2e-0c9a-47df-a406-dd6426096417,forensic.soccer,available,25.99,25.99,high,low,8,namesilo,,,08/09/2026 15:50
d49a7311-b232-4aba-8302-f64dbb9fc4c9,apian.soccer,available,19.99,37.99,medium,low,5,name.com,,,05/08/2026 23:47
7d3fcd07-6240-41f8-b4c6-2b77e1adfa49,zoe.soccer,available,20.2,20.2,high,low,3,cloudflare,,,27/09/2026 18:59
c10735e0-a263-4b52-ba91-79e297a98847,unconscious.soccer,available,25.99,25.99,medium,low,11,namesilo,,,26/09/2026 03:06
52e26a20-4b31-408e-a247-d78e5f7bd39a,clinically.soccer,available,19.99,,medium,low,10,name.com,,,
00ccc1eb-a567-4c48-8b9c-34eaddcf5289,fag.soccer,available,25.99,25.99,high,low,3,namesilo,,,09/09/2026 08:03
b05f5b27-311d-4cb2-a3ca-2a2eaa5455b4,bridges.soccer,available,19.99,,high,low,7,name.com,,,
cf3e56b1-5096-4d70-93c8-aa7a05eb8165,bizarre.soccer,available,27.48,29.48,high,low,7,namecheap,,,22/09/2026 21:11
42ffade0-e009-4efb-97fd-e7245683456e,indiscreet.soccer,available,19.99,37.99,medium,low,10,name.com,,,22/08/2026 03:07
59390406-9a80-4991-95ae-e426d5de5f68,thongs.soccer,available,25.99,25.99,medium,low,6,namesilo,,,19/09/2026 22:16
ea971b10-f2a1-4656-9dfe-bba067a92b4d,password.soccer,available,19.99,37.99,high,low,8,name.com,,,24/09/2026 18:40
74e119af-7be2-49dc-9092-22f98956434a,copy.soccer,available,19.99,,high,low,4,name.com,,,
96e21baf-4e78-440a-8d6b-7e3ff300a811,tapering.soccer,available,19.99,37.99,medium,low,8,name.com,,,14/08/2026 21:50
b1ddf386-8ce5-4188-9fc5-682329164cbf,garbled.soccer,available,19.99,37.99,medium,low,7,name.com,,,14/08/2026 11:20
a6cdecc7-7613-496f-bb22-d85062428838,lightless.soccer,available,19.99,37.99,medium,low,9,name.com,,,23/08/2026 04:36
f7924f98-42ea-46e8-b2da-cfb579d1305a,motorcoach.soccer,available,25.99,25.99,high,low,10,namesilo,,,21/09/2026 06:31
2daecb2a-6bc6-4061-9967-f4949a26729a,tumbling.soccer,available,25.99,25.99,high,low,8,namesilo,,,17/09/2026 03:22
ed386af1-c15b-4d46-85e4-185674b5bcd9,nasser.soccer,available,25.99,25.99,high,low,6,namesilo,,,28/09/2026 01:58
ec33241f-5a87-40df-a2a3-5b4cc41588ac,centroidal.soccer,available,19.99,37.99,medium,low,10,name.com,,,12/08/2026 00:18
ae3cb50c-068b-4b13-8c35-580bfa82ce4a,costless.soccer,available,19.99,37.99,medium,low,8,name.com,,,13/08/2026 03:12
4fc4191d-6123-4ce8-9e61-85155f38ea59,mauritian.soccer,available,19.99,37.99,medium,low,9,name.com,,,24/08/2026 17:35
93660642-d38e-4f1c-afd7-b589cdd1e89e,naval.soccer,available,25.99,25.99,high,low,5,namesilo,,,03/09/2026 14:07
5108cefa-35a3-4034-9e27-c795ade85f39,birds.soccer,available,19.99,,high,low,5,name.com,,,
f23de637-f3ad-4848-8fd2-e676dd75549d,stannic.soccer,available,25.99,25.99,low,low,7,namesilo,,,10/09/2026 18:41
823f12c2-f4ea-42ee-a448-e6ae2ce8bbe5,intuitive.soccer,available,19.99,37.99,high,low,9,name.com,,,22/08/2026 08:51
d047bbfe-30f5-43be-b992-35e4eadd424e,donee.soccer,available,19.99,37.99,medium,low,5,name.com,,,09/08/2026 14:26
f315ffb2-7c85-4909-a95d-12642033b6c3,deceitful.soccer,available,19.99,37.99,medium,low,9,name.com,,,13/08/2026 21:06
f8f86fc2-3c0b-485e-9627-e9dcf205fb33,rivalrous.soccer,available,27.48,29.48,high,low,9,namecheap,,,09/09/2026 18:06
9ad305ce-ef17-4332-ac63-d5fcd017ca72,youngish.soccer,available,25.99,25.99,medium,low,8,namesilo,,,13/09/2026 14:49
a0b81f9d-a76a-49cb-bc9d-2dfd6bfdc831,thwart.soccer,available,25.99,25.99,medium,low,6,namesilo,,,09/09/2026 08:15
5ce5669d-1d02-4235-bdb5-b0de84c52de1,chicness.soccer,available,19.99,37.99,medium,low,8,name.com,,,12/08/2026 04:44
c6a600bc-f604-41be-84a9-2290a54443fa,chemistry.soccer,available,25.99,25.99,high,low,9,namesilo,,,25/09/2026 04:08
7a6851e2-b268-4345-8cf3-40ef4f57a059,hackmatack.soccer,available,25.99,25.99,medium,low,10,namesilo,,,22/09/2026 00:09
2fcb7eea-5576-4df5-9d49-8019e619d8fc,blackmailing.soccer,available,19.99,,medium,low,12,name.com,,,
d32b2ec2-a1c9-435c-a9d7-44282eb1ebde,retrograde.soccer,available,25.99,25.99,high,low,10,namesilo,,,09/09/2026 15:46
be8bfc21-dce3-4e34-b10b-61a24fd5fa57,spite.soccer,available,25.99,25.99,high,low,5,namesilo,,,23/09/2026 22:22
0bfa72e0-1493-4ae3-a759-1008b17a0841,obnubilate.soccer,available,25.99,25.99,medium,low,10,namesilo,,,03/09/2026 23:55
b249cda3-13aa-4b32-b7a0-18ec01fca6e0,threaded.soccer,available,25.99,25.99,high,low,8,namesilo,,,11/09/2026 14:12
0564d49a-d094-4624-b4b9-076d018db84c,welfare.soccer,available,19.99,37.99,high,low,7,name.com,,,08/09/2026 03:13
baad53d1-6303-44b3-8221-86684a71e2ff,perdurable.soccer,available,25.99,25.99,medium,low,10,namesilo,,,08/09/2026 16:24
6f7da83e-8526-4b65-91dc-6dd3e87bec71,refresh.soccer,available,19.99,,high,low,7,name.com,,,
6276d7c5-d6e3-4dd8-abb4-e6204d1fc301,aftertaste.soccer,available,27.48,29.48,high,low,10,namecheap,,,17/09/2026 15:52
4270544e-6c64-410f-8ebd-4369a8c8ed36,meredith.soccer,available,27.48,29.48,high,low,8,namecheap,,,25/09/2026 06:29
90a77aaf-1564-415c-b8ca-873aa36d01aa,ponderous.soccer,available,19.99,37.99,medium,low,9,name.com,,,24/08/2026 11:10
8d7c1cb3-2e4e-4de6-b8d6-116a489a7f05,precise.soccer,available,25.99,25.99,high,low,7,namesilo,,,27/09/2026 04:53
565ca653-a143-4fa7-82eb-6f023ac2926f,railroad.soccer,available,27.48,29.48,high,low,8,namecheap,,,24/09/2026 23:46
9933fee6-9d5f-4659-b9d9-693dab5642ed,treasury.soccer,available,25.99,25.99,high,low,8,namesilo,,,24/09/2026 21:57
f1648281-53a0-4b43-b18e-25aee9c18217,unknowable.soccer,available,25.99,25.99,medium,low,10,namesilo,,,12/09/2026 14:17
554d43ed-2038-40f9-98c7-fb7279de591d,permutable.soccer,available,27.48,29.48,medium,low,10,namecheap,,,08/09/2026 17:50
3966d1c2-de2b-4942-9995-fcd599638ffa,obligation.soccer,available,19.99,37.99,high,low,10,name.com,,,24/09/2026 13:40
91f50588-efff-4890-b5ab-6fdcbafe23db,homophobic.soccer,available,19.99,37.99,medium,low,10,name.com,,,21/08/2026 13:04
846d5d5a-cb32-4095-a357-bd1c4a0b045a,slaughter.soccer,available,25.99,25.99,medium,low,9,namesilo,,,13/09/2026 08:00
81560fba-d51f-4b8f-a6fb-20e5198b882a,assignable.soccer,available,19.99,37.99,medium,low,10,name.com,,,07/08/2026 06:19
9908c431-f7ff-4f09-ae35-4e5960b6a7e2,trna.soccer,available,25.99,25.99,high,low,4,namesilo,,,16/09/2026 22:03
61e1644f-8383-4659-a899-c0b9be267460,agitated.soccer,available,19.99,37.99,medium,low,8,name.com,,,
0c8b7ccb-72c1-415c-9a98-bef2e71bc1b6,fabric.soccer,available,25.99,25.99,high,low,6,namesilo,,,25/09/2026 05:01
2761fd09-4c5c-4ec6-8dfd-2479b5bd0fea,gravid.soccer,available,19.99,37.99,medium,low,6,name.com,,,16/08/2026 22:11
f9ee6685-5bad-4d04-b3ef-38093b6af0fa,antithesis.soccer,available,25.99,25.99,medium,low,10,namesilo,,,19/09/2026 15:11
e64bcf3f-cca9-4c3f-93d9-7b48a9ce7cde,sells.soccer,available,25.99,25.99,high,low,5,namesilo,,,28/09/2026 03:41
d1445838-81d9-439b-a5e9-b8af2e79ff5b,warming.soccer,available,19.99,37.99,high,low,7,name.com,,,11/08/2026 14:09
ad519ccc-1adb-4c3d-8093-1a1bfb1defa7,spas.soccer,available,27.48,29.48,medium,low,4,namecheap,,,18/09/2026 21:33
de66555e-baeb-4668-8170-931b8ad2d3a2,bilk.soccer,available,25.99,25.99,medium,low,4,namesilo,,,09/09/2026 08:21
c04ee4ad-5165-4bd9-a364-1f717c96ab90,wilful.soccer,available,19.99,37.99,medium,low,6,name.com,,,18/08/2026 16:39
77e3fdaa-c1f9-4d74-9a84-a0d8c2350a07,too.soccer,available,19.99,,high,low,3,name.com,,,
a8fbe1f6-7209-4242-9413-67ca57b4638f,nauseating.soccer,available,19.99,37.99,medium,low,10,name.com,,,24/08/2026 08:23
40415dbf-cfc9-4432-9a2f-ec935f14fb5e,hughes.soccer,available,25.99,25.99,high,low,6,namesilo,,,25/09/2026 04:10
dce4458f-21ff-4dd8-8e6e-e128b427518f,appointment.soccer,available,25.99,25.99,high,low,11,namesilo,,,24/09/2026 03:38
1a4967d5-f1d2-4f67-942a-357a627db004,stranded.soccer,available,25.99,25.99,high,low,8,namesilo,,,25/09/2026 17:00
924d1ead-b2ea-489a-85d6-748d03c62678,astringent.soccer,available,19.99,37.99,medium,low,10,name.com,,,
02b7eea8-0aed-488b-93d1-8860d882f0f8,bartholin.soccer,available,27.48,29.48,medium,low,9,namecheap,,,22/09/2026 09:14
2dfe7abc-b4e5-4b88-bcca-15c4691e8665,irregular.soccer,available,25.99,25.99,high,low,9,namesilo,,,25/09/2026 11:26
7fa79eba-96a8-41bc-81a9-34493ac0190b,sonic.soccer,available,19.99,37.99,high,low,5,name.com,,,10/09/2026 14:09
ae99454e-6085-4996-abfc-dbaf9252f6cd,shear.soccer,available,19.99,,medium,low,5,name.com,,,
de544794-68db-4694-9c14-2572939cddc7,tainted.soccer,available,25.99,25.99,medium,low,7,namesilo,,,11/09/2026 07:12
e6795e5e-3998-442d-a348-1e307f46c6a7,satan.soccer,available,19.99,,high,low,5,name.com,,,
a24b13a1-0b92-402a-bf62-cfed9830c985,previous.soccer,available,19.99,,high,low,8,name.com,,,
ab3463d6-facc-4752-9160-04e7bf91fb81,baffling.soccer,available,19.99,37.99,medium,low,8,name.com,,,08/08/2026 08:02
f167732e-55be-44df-8f5d-0c7a9c0cb511,bedspread.soccer,available,25.99,25.99,high,low,9,namesilo,,,22/09/2026 22:52
612892c3-5ed9-49d4-b6d0-4d7f09714cf6,gomad.soccer,available,25.99,25.99,medium,low,6,namesilo,,,20/09/2026 00:44
e82e3166-0b60-4f75-9126-d41721e0c8bc,fungal.soccer,available,19.99,37.99,medium,low,6,name.com,,,18/08/2026 18:28
64b1607f-69fb-43b4-a146-b46d8502c499,moated.soccer,available,19.99,37.99,medium,low,6,name.com,,,25/08/2026 02:14
b2302316-098c-4140-9f4f-384980ea731e,loved.soccer,available,25.99,25.99,high,low,5,namesilo,,,25/09/2026 14:27
20609004-5da8-422b-a374-0cb0c8cf5c1c,valuable.soccer,available,19.99,,high,low,8,name.com,,,
249ca3c4-056a-4250-ad27-f8249291e3d8,alongside.soccer,available,27.48,29.48,high,low,9,namecheap,,,13/09/2026 19:12
077a35d8-ab11-466f-8656-eeac97496c9d,anterior.soccer,available,19.99,37.99,high,low,8,name.com,,,
dc39981b-5f92-4cc1-ab82-ca9c5c66fab2,ignoble.soccer,available,19.99,37.99,medium,low,7,name.com,,,21/08/2026 18:23
cd34510f-bb8d-4957-8112-bce3fdf1a2de,bandung.soccer,available,25.99,25.99,medium,low,7,namesilo,,,22/09/2026 01:32
eea5d125-8618-4ae5-a724-a5f34450c934,carbonado.soccer,available,25.99,25.99,medium,low,9,namesilo,,,24/09/2026 00:32
adb575cc-e96d-4196-b7b4-4627e4c4a29d,stalled.soccer,available,27.48,29.48,medium,low,7,namecheap,,,20/09/2026 17:27
08b575a2-ac45-4757-93fb-dc3cd9fe07d0,cephalopod.soccer,available,19.99,37.99,medium,low,10,name.com,,,12/08/2026 00:21
e991b5cb-57e8-435c-82aa-c5f93530ab97,aerolite.soccer,available,19.99,37.99,medium,low,8,name.com,,,17/09/2026 13:06
80ad028e-bc8b-43c9-a8f8-c5172e7130e4,flagfish.soccer,available,27.48,29.48,medium,low,8,namecheap,,,18/09/2026 19:58
5178e43e-0ffc-41c3-8057-9008ebd6aa46,corelli.soccer,available,25.99,25.99,medium,low,7,namesilo,,,20/09/2026 01:37
8a121b07-38d9-4b48-81f8-0ee1c357b20d,different.soccer,available,25.99,25.99,high,low,9,namesilo,,,24/09/2026 08:12
d16d4471-64c0-4e7b-8b58-2899ee05d8f4,rollercoaster.soccer,available,19.99,,high,low,14,name.com,,,
b0c80dd0-34b8-4457-a2e5-2cc2652f0840,vicious.soccer,available,19.99,37.99,medium,low,7,name.com,,,08/08/2026 16:00
be4ada3a-197e-46bb-bb66-ec97fab46642,loose.soccer,available,25.99,25.99,medium,low,5,namesilo,,,22/09/2026 10:42
696ba8b8-dc08-4627-be69-1d5dc4f0a05e,anglian.soccer,available,25.99,25.99,medium,low,7,namesilo,,,19/09/2026 06:48
39dcdecc-07b4-452f-aa92-476889e64a30,remiss.soccer,available,25.99,25.99,medium,low,6,namesilo,,,09/09/2026 13:46
99349b60-e6de-4e51-b45c-cf236e685d52,astronaut.soccer,available,27.48,29.48,high,low,9,namecheap,,,20/09/2026 17:56
fb2e8b4f-ae7b-43b5-bd16-6f47b3b25d45,leasing.soccer,available,19.99,,high,low,7,name.com,,,
526f8b80-d972-423d-a565-ecd03c311fff,advisors.soccer,available,25.99,25.99,high,low,8,namesilo,,,24/09/2026 14:22
5af4a43a-45b8-45bc-842b-50d809b3ea4d,ropes.soccer,available,19.99,,medium,low,5,name.com,,,
4fdf0844-d0c9-44e9-9ca5-bbafd088b8aa,inorganic.soccer,available,19.99,37.99,high,low,9,name.com,,,22/08/2026 06:11
591f8214-5cd1-48de-93ae-fc4c365c6f91,virtuous.soccer,available,25.99,25.99,high,low,8,namesilo,,,13/09/2026 06:06
deae93a8-0525-41a2-a68b-6dada67ab9f3,noiseless.soccer,available,27.48,29.48,medium,low,9,namecheap,,,03/09/2026 18:13
06915a40-942d-4f60-a710-e9a1677822f8,angelology.soccer,available,25.99,25.99,medium,low,10,namesilo,,,19/09/2026 06:02
dd675bd9-0992-4564-a524-e15b9904d698,closing.soccer,available,25.99,25.99,high,low,7,namesilo,,,08/09/2026 06:59
a43735ed-4bcd-4c77-919e-048005eb8b6a,tapped.soccer,available,25.99,25.99,high,low,6,namesilo,,,11/09/2026 08:19
e9aa7241-0478-43cc-af44-1b810f5708f6,declension.soccer,available,25.99,25.99,medium,low,10,namesilo,,,13/09/2026 13:21
534f1c7c-88c7-40f7-b3ac-4607d204717b,cousins.soccer,available,27.48,29.48,high,low,7,namecheap,,,19/09/2026 21:00
2ffb88b2-869d-45c3-9784-1d44ee52d79b,solicit.soccer,available,20.9,20.9,high,low,7,spaceship,,,27/09/2026 16:11
b1d560db-2b59-4488-80b5-94a913039925,decent.soccer,available,19.99,37.99,high,low,6,name.com,,,09/08/2026 06:17
e2c4f4bb-24fe-498e-9473-3a0d195a498c,xlvii.soccer,available,19.99,37.99,medium,low,5,name.com,,,
51694b9d-fce0-4723-a2c8-fd756fb3c9be,bunghole.soccer,available,25.99,25.99,medium,low,8,namesilo,,,20/09/2026 09:34
efe45071-4f65-475c-aa22-0a57fe8b27b6,semiotical.soccer,available,25.99,25.99,medium,low,10,namesilo,,,10/09/2026 03:15
d1e09dc4-3aef-404e-809b-9783958cfb86,fierily.soccer,available,27.48,29.48,low,low,7,namecheap,,,14/09/2026 18:22
439c2759-5426-41b5-bdd7-c5bf87dd0ae5,friendless.soccer,available,19.99,37.99,medium,low,10,name.com,,,18/08/2026 15:33
683b195b-97bf-4f7c-b963-43e4e43a86c1,refuge.soccer,available,27.48,29.48,high,low,6,namecheap,,,20/09/2026 18:32
bbd37bf2-d1a8-44c2-b0c7-3bea2b8a66a0,xxvii.soccer,available,19.99,37.99,medium,low,5,name.com,,,
d7b5bc76-d27f-420a-8764-f6cb380260a3,uncultured.soccer,available,25.99,25.99,medium,low,10,namesilo,,,12/09/2026 06:38
e2b8cd08-279e-4b40-882b-128ec38b0ffa,bloodstream.soccer,available,19.99,,high,low,11,name.com,,,
488ce6ca-e6ee-4527-b0dc-3eae737c3d76,khz.soccer,available,25.99,25.99,high,low,3,namesilo,,,25/09/2026 08:09
44327800-fcd4-4498-b607-c84fa3be2375,limitation.soccer,available,19.99,,medium,low,10,name.com,,,
74637755-f00a-4b34-90aa-08d4d221f0a9,beamish.soccer,available,19.99,37.99,medium,low,7,name.com,,,09/08/2026 04:08
2863c729-4658-46ac-b2d9-c2b474e8af2b,who.soccer,available,,,high,high,3,,,,
3898a0b6-dbb5-4f76-add2-8af98035112b,athlete.soccer,available,19.99,,high,low,7,name.com,,,
567b7ead-7353-48c8-b3f4-6cee459d52c2,turbid.soccer,available,19.99,37.99,medium,low,6,name.com,,,25/08/2026 01:10
8b439f03-4b4c-4c19-83b8-5412c805805b,fairchild.soccer,available,25.99,25.99,medium,low,9,namesilo,,,27/09/2026 07:56
8a8df1c9-b3c0-484c-a109-38de172aa7e1,teenager.soccer,available,19.99,37.99,high,low,8,name.com,,,21/09/2026 19:08
5376cffb-bb2c-4f53-8dd4-6f3b087a6e8c,vexer.soccer,available,25.99,25.99,medium,low,5,namesilo,,,19/09/2026 10:52
574e70b4-1128-47ac-9f56-74a109b1b375,finance.soccer,available,27.48,29.48,high,medium,7,namecheap,,,28/09/2026 03:52
dfe13650-5ebd-4689-ac25-9d3d485a7741,delivered.soccer,available,27.48,29.48,medium,low,9,namecheap,,,25/09/2026 18:04
c7b2e782-258e-402e-8041-90fe909a71e8,momently.soccer,available,25.99,25.99,medium,low,8,namesilo,,,15/09/2026 15:21
df92358b-3315-44b6-9bca-3abf0faf4f44,susan.soccer,available,19.99,,high,low,5,name.com,,,
bc147e9f-af59-4f9e-a2cb-273cadf9e45c,bravely.soccer,available,25.99,25.99,high,low,7,namesilo,,,14/09/2026 01:22
e1a273f9-c9fd-43e6-bb0f-b3bdf32334d7,double.soccer,available,25.99,25.99,high,low,6,namesilo,,,24/09/2026 11:46
a26c94a0-6ab0-476b-af17-cf2d5a848a11,bollock.soccer,available,27.48,29.48,medium,low,7,namecheap,,,21/09/2026 23:08
dce91215-de12-4229-b6bf-98905105ca2c,instagrammable.soccer,available,19.99,,medium,low,14,name.com,,,
f70bedcf-5b0a-4b71-a288-086ce9b06e64,mosquitoes.soccer,available,25.99,25.99,low,low,10,namesilo,,,18/09/2026 14:22
aaf326f3-49e8-48a7-8785-71c5136e9965,descendant.soccer,available,19.99,37.99,high,low,10,name.com,,,14/08/2026 03:14
966a54d2-c27a-45c9-9090-e0c21131b4ac,lusty.soccer,available,19.99,37.99,high,low,5,name.com,,,12/08/2026 20:20
225da638-8498-4d0b-a462-174c92ddf670,jem.soccer,available,25.99,25.99,high,low,3,namesilo,,,20/09/2026 08:04
53eb34d9-ed43-4e73-a2b6-598a74a2bd05,alexandre.soccer,available,20.2,20.2,high,low,9,cloudflare,,,27/09/2026 20:05
2a902ad3-7c7b-4749-bc9d-c300d3ef25a8,ahmed.soccer,available,25.99,25.99,high,low,5,namesilo,,,25/09/2026 14:32
9e427aa6-3e00-43fa-be04-99783dd77878,turns.soccer,available,25.99,25.99,medium,low,5,namesilo,,,18/09/2026 14:48
a0d713fc-750f-48b2-b8b9-68ce7dbe6f18,multiphase.soccer,available,25.99,25.99,medium,low,10,namesilo,,,03/09/2026 10:50
1e789218-af83-468e-8df9-62493ef89224,sixth.soccer,available,19.99,37.99,high,low,5,name.com,,,
06790866-b6de-4dde-af27-6691ee56200a,ironclad.soccer,available,19.99,37.99,high,low,8,name.com,,,11/08/2026 02:30
17b34bd2-19fb-4701-8dcb-aaa59444ab03,fiddling.soccer,available,19.99,37.99,medium,low,8,name.com,,,18/08/2026 03:28
7e1dcdbe-0bde-44c0-821e-5397fa428495,heliacal.soccer,available,19.99,37.99,medium,low,8,name.com,,,21/08/2026 06:23
3b1b643e-e3d6-4f6f-bc17-7696636b6b95,profitless.soccer,available,25.99,25.99,medium,low,10,namesilo,,,09/09/2026 02:50
4d07a0ea-f84f-47eb-9fdf-0ca98c3c488d,piecemeal.soccer,available,19.99,37.99,high,low,9,name.com,,,10/08/2026 07:07
09c69821-0852-4f57-bba5-fc401c9f112d,araguaia.soccer,available,25.99,25.99,medium,low,8,namesilo,,,19/09/2026 23:45
a77045a0-00b8-4083-8694-0a053ce80204,broadwise.soccer,available,25.99,25.99,medium,low,9,namesilo,,,14/09/2026 01:26
c8a79f88-04aa-4e53-b769-1b43e84af56b,lacing.soccer,available,25.99,25.99,medium,low,6,namesilo,,,13/09/2026 11:13
9ed905b4-16e1-4f4b-9403-a095b8b6ddd9,wishfully.soccer,available,25.99,25.99,medium,low,9,namesilo,,,16/09/2026 11:32
1569c3fc-f8bc-443f-a122-ef59c4bc6f9d,doris.soccer,available,25.99,25.99,high,low,5,namesilo,,,27/09/2026 03:46
11c9576a-82ce-4314-abc8-18c6d82de58f,malignant.soccer,available,19.99,37.99,medium,low,9,name.com,,,24/08/2026 14:08
47507fbe-b0a8-452e-a87f-ea3e1767eca1,proficiency.soccer,available,19.99,,high,low,11,name.com,,,
6d6fb64c-6b39-4aab-a52b-2b1796f1badf,epidural.soccer,available,19.99,37.99,high,low,8,name.com,,,17/08/2026 10:52
d13dd8dd-ca6d-4d0a-8e9a-a8496cd04be9,rational.soccer,available,19.99,37.99,high,low,8,name.com,,,22/08/2026 07:50
6f61ad7e-5999-47e4-8de1-7a7e9b89b059,protester.soccer,available,19.99,37.99,medium,low,9,name.com,,,14/08/2026 12:41
63611eca-2f46-43ae-9480-26514e69dad4,luck.soccer,available,19.99,,high,low,4,name.com,,,
d1a85984-334a-4d03-8a13-3af1e6756c71,berlioz.soccer,available,25.99,25.99,medium,low,7,namesilo,,,23/09/2026 09:39
9e055664-7bb3-4655-b4bc-d23c407c66e3,weighty.soccer,available,19.99,37.99,medium,low,7,name.com,,,12/08/2026 15:37
b5a6257d-ee19-478a-a81a-da534f6bbb17,coffin.soccer,available,19.99,,medium,low,6,name.com,,,
82a0d8ca-887f-40c3-bff6-03f37915f61e,stickup.soccer,available,25.99,25.99,medium,low,7,namesilo,,,20/09/2026 06:38
dc4062d8-768f-4d96-9f81-8e62d5bdd58c,fitly.soccer,available,25.99,25.99,medium,low,5,namesilo,,,13/09/2026 20:33
91bf86db-c2e1-4719-a124-ed1f2df02071,voyage.soccer,available,25.99,25.99,high,low,6,namesilo,,,28/09/2026 02:51
80031879-08e7-4a44-804c-f7230da0fda2,ionic.soccer,available,19.99,37.99,high,low,5,name.com,,,22/08/2026 09:29
74ee12a7-9e7a-4868-879c-08a9dc3009a9,agal.soccer,available,25.99,25.99,medium,low,4,namesilo,,,17/09/2026 16:00
b1032ca9-f36d-4f7b-8871-3434bf6743eb,purse.soccer,available,27.48,29.48,high,low,5,namecheap,,,25/09/2026 23:04
78eed0bb-a895-4b0a-881e-f318dffb8466,albers.soccer,available,25.99,25.99,high,low,6,namesilo,,,18/09/2026 02:34
429967bc-3bf2-4b63-b350-0d1029ecf0eb,hungry.soccer,available,25.99,25.99,high,low,6,namesilo,,,25/09/2026 06:41
623605cd-9269-4751-aab6-174f20c562bf,mountains.soccer,available,27.48,29.48,medium,low,9,namecheap,,,17/09/2026 17:48
cfe23762-ef48-452b-a3f3-47fc4e09e17a,keating.soccer,available,25.99,25.99,high,low,7,namesilo,,,27/09/2026 08:01
945d18de-a41a-4bb3-9efd-262f23d2d298,tanzanian.soccer,available,25.99,25.99,medium,low,9,namesilo,,,11/09/2026 08:09
097d440a-f838-45e5-af1d-b3eafb4ecea8,annuity.soccer,available,25.99,25.99,high,low,7,namesilo,,,19/09/2026 10:58
28ffb63b-cdfd-4e19-a8f0-81502f9eec1f,assouan.soccer,available,25.99,25.99,medium,low,7,namesilo,,,20/09/2026 16:37
b417b483-5603-4a00-8c07-2f11ba6dfaa6,jibe.soccer,available,27.48,29.48,medium,low,4,namecheap,,,22/09/2026 04:14
b2175ae7-4258-4923-ba4e-05bb085fbcd2,placate.soccer,available,19.99,37.99,high,low,7,name.com,,,18/08/2026 22:12
9d4db33e-56b8-4074-991e-d4d31358bce1,abounding.soccer,available,19.99,37.99,high,low,9,name.com,,,
585508fd-ac98-4530-afe7-ade3a220c96f,uxorious.soccer,available,25.99,25.99,medium,low,8,namesilo,,,13/09/2026 00:33
e03887d1-7c8c-4a1d-b0a6-b5086198bc71,texting.soccer,available,25.99,25.99,high,low,7,namesilo,,,17/09/2026 10:22
fe1c066a-440a-4d6c-898e-3d38ac0dc1d5,baggage.soccer,available,19.99,,high,low,7,name.com,,,
ccddf8ee-9110-4dd3-8415-87d8260462db,conserve.soccer,available,25.99,25.99,high,low,8,namesilo,,,24/09/2026 17:27
4feb973f-b01c-4a83-bf2e-efa2ffc85d03,rectangle.soccer,available,19.99,,high,low,9,name.com,,,
33f4830b-cde3-494a-8543-19f33d4905c3,beguiled.soccer,available,19.99,37.99,medium,low,8,name.com,,,09/08/2026 09:46
9d700d25-85b3-494e-a340-7afedd6844a2,unpolished.soccer,available,19.99,37.99,medium,low,10,name.com,,,18/08/2026 20:45
9e5985cb-938a-4f02-b71d-bb8e404992f5,petroleum.soccer,available,19.99,37.99,high,low,9,name.com,,,13/08/2026 08:55
9707c9c9-fba5-432a-ad2c-ddd086260af1,flagrant.soccer,available,19.99,37.99,medium,low,8,name.com,,,15/08/2026 19:50
b7e114a3-7e26-43cb-89c0-58248d4bcfc4,credendum.soccer,available,25.99,25.99,medium,low,9,namesilo,,,20/09/2026 11:13
b74415bc-824a-48cf-aa8a-0ee220d11c6b,sal.soccer,available,20.9,20.9,high,low,3,spaceship,,,28/09/2026 03:21
f379df23-7d90-4fc9-8e59-a0d6b96b9a9e,interfere.soccer,available,20.9,20.9,high,low,9,spaceship,,,28/09/2026 03:20
b6bd0e58-30b9-4dc0-b272-837c4167c6dd,humanities.soccer,available,19.99,,high,low,10,name.com,,,
7673972b-c559-473a-a2ca-d6fc02c27414,abject.soccer,available,19.99,37.99,medium,low,6,name.com,,,
a6e39a24-0106-48ba-8103-589231f3f1ba,dad.soccer,premium,85.8,85.8,high,low,3,namecheap,,,27/09/2026 05:02
d3432683-89eb-4f38-9576-8d8266d854ce,filets.soccer,available,25.99,25.99,medium,low,6,namesilo,,,20/09/2026 11:33
c8785e3b-3478-4bc6-a545-c798ab03be02,desktops.soccer,available,25.99,25.99,medium,low,8,namesilo,,,20/09/2026 12:27
e7edfe6a-a770-410c-8ecd-426f349cceb7,nurse.soccer,available,19.99,,high,low,5,name.com,,,
cac5ca81-6d25-4bd0-9fe9-6754af9aa587,mythologic.soccer,available,25.99,25.99,medium,low,10,namesilo,,,03/09/2026 12:33
833040fc-ecf1-4055-9f5a-7b8bda7b3f18,showed.soccer,available,19.99,,medium,low,6,name.com,,,
d3b90f85-dff9-4f05-9716-1436c3d7ee03,oiled.soccer,available,25.99,25.99,medium,low,5,namesilo,,,04/09/2026 01:49
fce5cb87-0841-4324-93dc-5b0b704ebe85,airline.soccer,available,19.99,,high,low,7,name.com,,,
818b5447-b1eb-4f08-a489-8b93097d489b,veined.soccer,available,25.99,25.99,medium,low,6,namesilo,,,13/09/2026 01:53
748f6ced-b979-4cce-a025-af47fcd23c9c,trebuchet.soccer,available,25.99,25.99,high,low,9,namesilo,,,20/09/2026 00:39
3addd03f-9073-43c1-a804-27effff27a31,killer.soccer,available,25.99,25.99,high,low,6,namesilo,,,24/09/2026 13:14
679951e3-25bb-4fe3-8e78-6f7fc3ed82ad,swimming.soccer,available,25.99,25.99,high,low,8,namesilo,,,03/09/2026 12:48
42841aa4-d90d-4cde-9629-6bf34391d6c7,mesmerised.soccer,available,19.99,37.99,medium,low,10,name.com,,,17/08/2026 22:52
a4b3b9e0-a8cd-4695-af3b-ed953f51c947,shack.soccer,available,25.99,25.99,high,low,5,namesilo,,,24/09/2026 23:26
f28f7b76-4087-4372-bc3f-5da3ba3b3227,prescription.soccer,available,19.99,,high,low,12,name.com,,,
c04ff724-0b81-4e11-9c57-c800e84caa1b,sirens.soccer,available,25.99,25.99,medium,low,6,namesilo,,,21/09/2026 02:34
e10f8ba0-f295-44bb-b407-8a6169c263af,casey.soccer,available,27.48,29.48,high,low,5,namecheap,,,25/09/2026 18:12
8aa46ce8-2e1f-455e-84fd-1e81597143c3,attained.soccer,available,19.99,37.99,medium,low,8,name.com,,,07/08/2026 15:07
6d739a8a-8426-4bc5-8a55-139472c46fdc,automated.soccer,available,25.99,25.99,high,low,9,namesilo,,,22/09/2026 13:58
f96174fb-0485-4b19-b6d5-03666edfaa16,dachshund.soccer,available,27.48,29.48,high,low,9,namecheap,,,21/09/2026 17:04
2b3e7653-cd49-4d84-b247-ab9071403a65,avidity.soccer,available,27.48,29.48,high,low,7,namecheap,,,21/09/2026 09:28
58860645-6a40-43c4-8dac-db4b8b5c1a1d,hangar.soccer,available,25.99,25.99,high,low,6,namesilo,,,17/09/2026 23:05
8a62f6ff-bad6-4578-9559-2cb1636db412,units.soccer,available,25.99,25.99,high,low,5,namesilo,,,17/09/2026 16:07
2f4e027a-abe8-45cd-8336-039fb03dc8ed,untested.soccer,available,27.48,29.48,medium,low,8,namecheap,,,12/09/2026 21:13
d4bda6ea-483e-4c4a-bec6-d643a1048586,bedrock.soccer,available,25.99,25.99,high,low,7,namesilo,,,22/09/2026 10:39
828fd276-793a-4e3b-b85f-6bbf72996113,harmonious.soccer,available,19.99,37.99,high,low,10,name.com,,,21/08/2026 01:03
2c0668e8-1783-45de-bf77-d734b97fa1de,clipper.soccer,available,25.99,25.99,high,low,7,namesilo,,,24/09/2026 15:46
6c59d7af-775e-4ade-8ca9-5b9f8c58e09e,insufficient.soccer,available,19.99,,medium,low,12,name.com,,,
a767ff18-bfd1-4711-a912-dd3403836ae4,swingeing.soccer,available,25.99,25.99,medium,low,9,namesilo,,,11/09/2026 05:48
9ecd7411-f7f5-45f5-9b52-c9030c146cd8,tracked.soccer,available,19.99,,high,low,7,name.com,,,
912e99c9-3cdc-4fe7-a076-46b9bff1bd0f,bivalent.soccer,available,19.99,37.99,high,low,8,name.com,,,10/08/2026 08:58
601e1200-1169-43d1-8dda-1e33a486195f,beginner.soccer,available,25.99,25.99,high,low,8,namesilo,,,23/09/2026 02:23
181e4647-8b03-4744-a22b-5655041a3183,javanese.soccer,available,19.99,37.99,high,low,8,name.com,,,22/08/2026 12:28
79d2f460-0bf0-4f27-ad40-15c35075ac4c,spicy.soccer,available,25.99,25.99,high,low,5,namesilo,,,24/09/2026 22:14
265f6f2d-d700-47d4-9285-a2822f97b22e,vestal.soccer,available,25.99,25.99,medium,low,6,namesilo,,,13/09/2026 04:47
8c42471d-90a4-4e86-aa7a-838f3783771b,nodded.soccer,available,19.99,37.99,medium,low,6,name.com,,,18/09/2026 03:34
3dcd8956-17fd-42da-bc2e-8556b3239826,medals.soccer,available,19.99,,high,low,6,name.com,,,
efd0cb68-8a1c-432f-82dc-b33755b23e6d,rumour.soccer,available,19.99,37.99,high,low,6,name.com,,,21/08/2026 02:08
abbb2d7e-9115-4831-9f23-e08d721ad13f,sympatric.soccer,available,25.99,25.99,medium,low,9,namesilo,,,11/09/2026 06:05
16c1770c-565f-477d-8249-dade9853f6cf,styling.soccer,available,27.48,29.48,high,low,7,namecheap,,,17/09/2026 18:14
b8a7f9d8-83ed-4e72-b5a2-69ad7d3f5b54,childbirth.soccer,available,19.99,37.99,high,low,10,name.com,,,12/08/2026 05:00
bd0777a5-39e3-4c38-ac95-0afc6c3a77e1,reunion.soccer,available,19.99,,high,medium,7,name.com,,,
8bfd3e07-4d43-4636-8da0-be4432c88922,autosexing.soccer,available,25.99,25.99,medium,low,10,namesilo,,,21/09/2026 07:42
f86044f5-2a7d-43e0-b1e8-87cbd8ba1695,pasang.soccer,available,25.99,25.99,medium,low,6,namesilo,,,23/09/2026 12:24
d09df1c3-fc68-491c-b616-c0730d424453,bris.soccer,available,25.99,25.99,high,low,4,namesilo,,,23/09/2026 09:28
c8c6b707-6ad9-4504-95d8-5fd813f830d4,defiantly.soccer,available,25.99,25.99,medium,low,9,namesilo,,,14/09/2026 08:33
b25bf3ff-3978-457c-9ca1-a206cba25c8f,scrawny.soccer,available,19.99,37.99,medium,low,7,name.com,,,09/09/2026 23:42
9848f4e5-a427-4c04-961e-176f495742f9,tosh.soccer,available,25.99,25.99,medium,low,4,namesilo,,,21/09/2026 23:54
7ad791c9-f8fe-4119-8314-5ab5edc3920b,addend.soccer,available,25.99,25.99,medium,low,6,namesilo,,,17/09/2026 06:41
544982ba-1067-4849-be6d-89e3d22d2a9b,section.soccer,available,25.99,25.99,high,low,7,namesilo,,,08/09/2026 06:07
12204cfb-854c-41d5-ae6f-e5b99775b329,energizing.soccer,available,19.99,37.99,high,low,10,name.com,,,
57489459-e866-49bc-a7bd-345d3da8f464,phantasm.soccer,available,27.48,29.48,high,low,8,namecheap,,,08/09/2026 18:36
466c3413-ab23-4989-a95f-3cd3c87c307e,exceeding.soccer,available,19.99,37.99,high,low,9,name.com,,,17/08/2026 15:59
a5ab294b-490e-469a-9ed6-2757ced02473,arianrhod.soccer,available,25.99,25.99,medium,low,9,namesilo,,,20/09/2026 05:14
7a518794-06fb-4618-acaf-e7bb41f411bd,hostility.soccer,available,25.99,25.99,medium,low,9,namesilo,,,19/09/2026 12:25
e60307de-73bf-477e-aa1c-43d008919129,clunk.soccer,available,25.99,25.99,medium,low,5,namesilo,,,11/09/2026 15:10
c8608ef1-23f1-4ba7-9105-94ce890a644b,rubbed.soccer,available,25.99,25.99,medium,low,6,namesilo,,,17/09/2026 07:54
b8b7b3f1-f58c-45bd-bbb1-d8768471118c,antum.soccer,available,25.99,25.99,medium,low,5,namesilo,,,19/09/2026 15:47
ae1ede49-f91c-4db4-9dec-c1c6abc249ef,mixologist.soccer,available,27.48,29.48,medium,low,10,namecheap,,,22/09/2026 06:27
a3d916e6-54e8-4c61-9250-4a6969513d40,sticky.soccer,available,19.99,37.99,high,low,6,name.com,,,16/08/2026 07:55
3b29c755-4ae5-4f50-855d-6fb174c259bb,stoppers.soccer,available,25.99,25.99,medium,low,8,namesilo,,,20/09/2026 12:45
4489bca3-f01a-4770-87ac-7063bebf48b4,perceiving.soccer,available,19.99,,high,low,10,name.com,,,
3387ed2f-5075-4cc0-bc81-288f9c999521,quits.soccer,available,27.48,29.48,high,low,5,namecheap,,,09/09/2026 09:02
1652eed2-3319-432c-8852-2d85c960a599,mesozoic.soccer,available,19.99,37.99,medium,low,8,name.com,,,24/08/2026 21:21
4d1faf04-4671-4208-93b6-6a50f300ef85,pickings.soccer,available,25.99,25.99,medium,low,8,namesilo,,,11/09/2026 07:21
49fcb680-bdc2-4f12-867b-4a647994aa65,blaze.soccer,available,19.99,37.99,high,low,5,name.com,,,10/08/2026 13:51
054f6279-cd88-4a0f-b62d-a4c28a35b2dd,thumping.soccer,available,19.99,37.99,high,low,8,name.com,,,08/08/2026 13:08
e33ca2c2-03c4-4894-b5b7-9071e331ef06,sabbatical.soccer,available,25.99,25.99,high,low,10,namesilo,,,09/09/2026 20:30
35cbd133-dcf8-4f6c-8862-9b2e98e440fd,intersection.soccer,available,19.99,,high,low,12,name.com,,,
76e063c1-2a8c-41e7-8644-109a1f4813aa,minded.soccer,available,19.99,37.99,high,low,6,name.com,,,24/08/2026 23:35
7e07a4e9-1167-4b56-8943-ac8aad717bf2,zealous.soccer,available,25.99,25.99,high,low,7,namesilo,,,13/09/2026 15:10
08a62648-aa37-479a-bfe8-c0b19471a238,compatibly.soccer,available,25.99,25.99,medium,low,10,namesilo,,,14/09/2026 07:43
630baeaf-f794-4d4b-8869-19d1c7d65caa,woody.soccer,available,19.99,37.99,high,low,5,name.com,,,06/08/2026 13:08
ffde0a06-327b-40e4-b842-0f77fa9e91d6,immortal.soccer,available,19.99,37.99,high,low,8,name.com,,,21/08/2026 21:12
ce461a6b-c643-4ad7-b60b-225394b43b55,plot.soccer,available,27.48,29.48,high,low,4,namecheap,,,24/09/2026 22:09
b6a973dd-d82c-47da-9fbd-509e81cfec11,biplane.soccer,available,19.99,37.99,high,low,7,name.com,,,23/09/2026 19:18
8471383c-783d-4155-999d-d0347a030045,francisca.soccer,available,19.99,,high,low,9,name.com,,,
54da9b9a-22f1-47c9-8de9-a3d8b7d746ca,astasia.soccer,available,25.99,25.99,medium,low,7,namesilo,,,20/09/2026 16:54
ad5dd654-56aa-4d3e-9461-7e48290f8b44,orthogonal.soccer,available,19.99,37.99,high,low,10,name.com,,,17/08/2026 19:23
5641c5e7-8395-4eba-9af4-2adee70e6d54,cancer.soccer,available,19.99,,high,low,6,name.com,,,
8d87a3fa-a98e-4ddf-85b9-c1645aca7fb0,pattern.soccer,available,19.99,37.99,high,low,7,name.com,,,25/08/2026 02:49
38f6540d-6fea-4560-a964-31ea642ec01f,shaver.soccer,available,19.99,37.99,medium,low,6,name.com,,,25/08/2026 00:03
b3b195ae-0b90-4d40-8651-dce8617235cf,lousy.soccer,available,19.99,37.99,medium,low,5,name.com,,,24/09/2026 01:33
6a3842bd-0092-4934-ac5d-81ed084fb269,release.soccer,available,27.48,29.48,high,low,7,namecheap,,,24/09/2026 21:38
9dcb19b3-09d0-418f-ba0e-10eb721da567,sore.soccer,available,19.99,37.99,high,low,4,name.com,,,
5ed24ce3-af8d-47c9-b652-b43c8a9c0351,crimes.soccer,available,19.99,,high,low,6,name.com,,,
00d34dfc-0a4d-4808-be71-67f27dfcbba1,appointed.soccer,available,19.99,37.99,medium,low,9,name.com,,,06/08/2026 07:21
a0da6271-dbfd-49d6-8dc6-3bc67b4e1c0f,technical.soccer,available,27.48,29.48,high,low,9,namecheap,,,23/09/2026 20:19
9c2886ad-6539-4e57-887a-b93e75573a61,artefact.soccer,available,25.99,25.99,high,low,8,namesilo,,,20/09/2026 10:07
76d0cadb-a336-4b45-862b-fc0b90e9f58f,catoptric.soccer,available,19.99,37.99,medium,low,9,name.com,,,11/08/2026 22:12
f69a27a7-aea3-443c-a546-08fb650da15e,polled.soccer,available,25.99,25.99,high,low,6,namesilo,,,20/09/2026 17:21
9f6629f7-4b85-4a5f-8b84-15b26d9b8fff,nation.soccer,available,19.99,,high,low,6,name.com,,,
a7cf98f9-2c60-4017-9207-b58ff09e4f2a,thorium.soccer,available,25.99,25.99,high,low,7,namesilo,,,21/09/2026 00:04
74222f1c-680a-42d0-8ae8-ce67bae7d240,chris.soccer,available,19.99,37.99,high,medium,5,name.com,,,25/09/2026 17:18
12848efd-bcfe-4193-894d-336867a7932c,farms.soccer,available,25.99,25.99,medium,low,5,namesilo,,,19/09/2026 00:44
d938bc7f-3242-493c-985d-8a0a8fdf8de7,technologies.soccer,available,25.99,25.99,high,low,12,namesilo,,,28/09/2026 03:08
7ad2810a-1206-44fa-b125-a6beb55c52b8,supersize.soccer,available,19.99,,high,low,9,name.com,,,
8898d8d8-1cb4-4753-9e9e-6669d78b1550,acridid.soccer,available,25.99,25.99,medium,low,7,namesilo,,,17/09/2026 02:59
9ccee975-9bbd-4be2-a106-165bca7e7f0a,unstylish.soccer,available,25.99,25.99,medium,low,9,namesilo,,,10/09/2026 23:17
a8ba4d59-a48c-4973-8b4a-74f20a84d35e,forgiving.soccer,available,25.99,25.99,high,low,9,namesilo,,,21/09/2026 14:52
d062eeaa-e9a7-4a0f-83d3-fe5e8d3a7b1e,rasping.soccer,available,19.99,37.99,medium,low,7,name.com,,,20/08/2026 18:29
05758442-b590-49e9-bbbe-a4f26567db79,intrepid.soccer,available,25.99,25.99,high,low,8,namesilo,,,22/09/2026 12:24
3001ac45-61c9-4c85-9050-f0edb1c0915c,winston.soccer,available,27.48,29.48,high,low,7,namecheap,,,25/09/2026 14:24
f391c111-6e81-4a07-9190-7750b2b74d35,riveting.soccer,available,25.99,25.99,high,low,8,namesilo,,,21/09/2026 15:09
67919a1e-4b20-4162-9a79-4c30b226bdc6,mislaid.soccer,available,19.99,37.99,medium,low,7,name.com,,,25/08/2026 01:30
74fbb2b2-02c5-47a2-bc7b-997b65671ab3,organization.soccer,available,27.48,29.48,high,low,12,namecheap,,,28/09/2026 03:32
dfb1f033-0b5c-4ce8-aca3-a754c47ca59c,yes.soccer,premium,242,242,high,medium,3,namesilo,,,
d25c57c2-7477-402d-ad83-ebc7175650c6,stockings.soccer,available,25.99,25.99,medium,low,9,namesilo,,,17/09/2026 08:14
f16dfdbc-7111-491b-bcad-4488194f20bf,checker.soccer,available,25.99,25.99,high,low,7,namesilo,,,24/09/2026 13:59
2d541f24-7af1-4989-8bbc-225f077bf256,argument.soccer,available,25.99,25.99,high,low,8,namesilo,,,20/09/2026 04:49
2e87a663-ab2d-4a1e-ac24-adeca333be22,maidens.soccer,available,19.99,,high,low,7,name.com,,,
492ed266-6d96-45f7-803a-8d39032f17d6,quadrangle.soccer,available,25.99,25.99,high,low,10,namesilo,,,09/09/2026 07:22
fe51c2dd-2d1d-4ed4-bd0a-bd3c62fc4e3c,smoothly.soccer,available,25.99,25.99,high,low,8,namesilo,,,16/09/2026 02:56
289b468b-0888-4b8e-9e89-4a48952d4cc6,meat.soccer,available,25.99,25.99,high,low,4,namesilo,,,14/09/2026 23:51
3b094d4b-4546-4686-966d-081de1473844,doctorfish.soccer,available,27.48,29.48,medium,low,10,namecheap,,,16/09/2026 20:58
2b870ccb-cee2-482c-9160-b639717636db,pervasive.soccer,available,25.99,25.99,high,low,9,namesilo,,,08/09/2026 17:44
0a7466f9-8729-4913-af1e-3e61094a2f81,apr.soccer,available,25.99,25.99,high,low,3,namesilo,,,19/09/2026 22:28
b6c5e528-f5ca-4936-9e62-c1b0a72e3ab9,katz.soccer,available,27.48,29.48,high,low,4,namecheap,,,25/09/2026 15:43
0313c856-ad35-4b6f-ab5f-731ed865c198,affects.soccer,available,25.99,25.99,medium,low,7,namesilo,,,20/09/2026 03:57
17082229-3b40-4924-9d58-72acb1913869,delineated.soccer,available,19.99,37.99,medium,low,10,name.com,,,14/08/2026 00:37
08f8f46b-3a5c-43c6-af4a-67880c1b4008,trust.soccer,available,27.48,29.48,high,medium,5,namecheap,,,25/09/2026 04:00
6c892879-3a67-43e4-9260-032cc047e92b,camel.soccer,available,20.2,20.2,high,low,5,cloudflare,,,28/09/2026 01:20
2f29fd6b-250a-4820-819b-1db3b400cd35,bedevil.soccer,available,19.99,37.99,medium,low,7,name.com,,,14/08/2026 21:15
a92f6fea-ad84-4ae3-a19d-6e5d098f1f6f,visualised.soccer,available,19.99,37.99,medium,low,10,name.com,,,17/08/2026 10:03
57477647-b27a-4bb4-b5b8-def2db0c0ff1,alary.soccer,available,19.99,37.99,medium,low,5,name.com,,,
72d75da6-788c-41a7-a503-a6598c8e7d94,credibly.soccer,available,25.99,25.99,medium,low,8,namesilo,,,14/09/2026 09:26
e4c42ed3-3d71-4871-bc78-c70fcc52f2e6,bio.soccer,available,19.99,,high,medium,3,name.com,,,
f64d8410-6561-4c8f-8a76-2f6d87f41828,celsius.soccer,available,25.99,25.99,high,low,7,namesilo,,,19/09/2026 04:00
4770e3bd-4aad-43b6-8100-cee928bf0ddf,connector.soccer,available,25.99,25.99,high,low,9,namesilo,,,24/09/2026 17:23
0dd39f77-44df-4444-9688-593edfe83faa,collarless.soccer,available,19.99,37.99,medium,low,10,name.com,,,12/08/2026 16:40
dc8a7f8b-a169-4bd1-ad22-bb09d44c91d3,operated.soccer,available,19.99,,high,low,8,name.com,,,
c024b7bc-3133-4a88-8809-501511bef8e5,manuals.soccer,available,25.99,25.99,medium,low,7,namesilo,,,20/09/2026 09:33
619f9a8f-f8cb-4f30-83c6-96639255d058,apathetic.soccer,available,19.99,37.99,medium,low,9,name.com,,,05/08/2026 22:04
4934a6c4-c5cf-45cb-93ab-723e7d4f7ee0,pick.soccer,available,25.99,25.99,high,low,4,namesilo,,,23/09/2026 14:24
f16f5b05-c3f9-4df2-bec5-3f68456e8b6f,outcome.soccer,available,19.99,,high,low,7,name.com,,,
3c97eeb6-709a-403c-a5d5-f20774ae88c9,absorbing.soccer,available,25.99,25.99,high,low,9,namesilo,,,21/09/2026 15:02
8265850b-5613-4608-8b8c-682e909741c4,impressed.soccer,available,19.99,,high,low,9,name.com,,,
6db1268b-591f-4b50-91ea-89454e7b32e2,antiserum.soccer,available,25.99,25.99,medium,low,9,namesilo,,,19/09/2026 15:05
98338398-fd79-4e89-a7fa-3b05f36240a8,apodemus.soccer,available,27.48,29.48,medium,low,8,namecheap,,,19/09/2026 18:19
b2524422-6986-4835-9211-ab16120fd05c,doula.soccer,available,27.48,29.48,high,low,5,namecheap,,,23/09/2026 21:09
acd12425-2f69-4b23-a7d3-c0627f3f00e0,forwards.soccer,available,19.99,37.99,high,low,8,name.com,,,18/08/2026 12:49
ba30ccbf-4f84-4d31-846a-f46add7997eb,aged.soccer,available,25.99,25.99,high,low,4,namesilo,,,21/09/2026 22:26
bc718f8e-b1fd-4f9e-9c5c-f90f453776a4,cuddly.soccer,available,19.99,37.99,high,low,6,name.com,,,13/08/2026 10:11
b2f85dda-45e7-4869-9bde-d77b0cd69f78,sovereign.soccer,available,25.99,25.99,high,medium,9,namesilo,,,22/09/2026 14:14
8c0363c3-e7c4-4228-8943-23b4cf70bd98,surviving.soccer,available,25.99,25.99,high,low,9,namesilo,,,11/09/2026 04:49
93d5d319-32f5-49e0-90a8-d852b2010694,adequately.soccer,available,19.99,,high,low,10,name.com,,,
76ef4377-03a8-4029-a52b-51e8c42184df,clerk.soccer,available,19.99,,high,low,5,name.com,,,
29e1789e-91d6-4686-9179-971bd21c97fb,avellan.soccer,available,19.99,37.99,medium,low,7,name.com,,,07/08/2026 22:24
64d8ffdf-2952-456c-a211-95786dcc97cf,promptly.soccer,available,27.48,29.48,high,low,8,namecheap,,,09/09/2026 08:42
d78a62ec-aeeb-4b0f-9dd5-b851b7348965,hatched.soccer,available,19.99,37.99,high,low,7,name.com,,,13/08/2026 08:20
ebd00ddb-1e03-4388-8378-0c0fbd7dbaaf,aculeus.soccer,available,25.99,25.99,medium,low,7,namesilo,,,17/09/2026 05:33
a0ce8744-b9e3-4c3c-9180-22a7a9354f5e,targets.soccer,available,25.99,25.99,high,low,7,namesilo,,,18/09/2026 15:18
41f3442a-802e-468a-9d29-a8a6f8fa3310,insulting.soccer,available,25.99,25.99,medium,low,9,namesilo,,,23/09/2026 21:52
089f2bd8-3e32-45d9-a803-df84f3d8c888,hurrying.soccer,available,19.99,37.99,medium,low,8,name.com,,,21/08/2026 15:47
45c89d0c-e10e-4592-aaa7-21f85e67c82e,defamer.soccer,available,25.99,25.99,medium,low,7,namesilo,,,21/09/2026 15:02
fb272549-1970-4985-92d3-429bf89b7018,egotistic.soccer,available,19.99,37.99,medium,low,9,name.com,,,12/08/2026 19:55
2e1d945d-a91c-4e4b-a561-95d1d03dad32,adit.soccer,available,25.99,25.99,medium,low,4,namesilo,,,17/09/2026 08:21
79edd758-f5bb-4b57-bb47-69aa9138983d,guerilla.soccer,available,19.99,37.99,high,low,8,name.com,,,22/08/2026 10:15
cb829514-f354-4c1b-9431-6b9e6029ca95,oppressed.soccer,available,25.99,25.99,medium,low,9,namesilo,,,04/09/2026 16:50
ae3f4f5f-94af-4cec-ac66-b140e320c15d,shout.soccer,available,19.99,,high,low,5,name.com,,,
906063e2-c0e2-41ca-bbfb-9a0920f7b7b4,constructive.soccer,available,19.99,,high,low,12,name.com,,,
515cb530-66a7-4311-83f4-e66c6d262eba,gaston.soccer,available,25.99,25.99,high,low,6,namesilo,,,25/09/2026 12:38
b6f27a0e-b08e-449e-a3e1-191129a6620a,audi.soccer,available,,,high,high,4,,,,
70548591-f3d9-45b1-b4c1-47dde5cd012f,famed.soccer,available,19.99,37.99,high,low,5,name.com,,,11/08/2026 23:12
6de3299d-24d7-487e-a2f2-9d66fb859689,fraternal.soccer,available,19.99,37.99,high,low,9,name.com,,,10/08/2026 03:44
d47040b9-32b4-4ca7-8cbb-5e66daf669a7,proverb.soccer,available,27.48,29.48,high,low,7,namecheap,,,17/09/2026 06:07
9baafbac-5f57-4a47-8a41-1dc581442550,quran.soccer,available,25.99,25.99,high,medium,5,namesilo,,,18/09/2026 01:05
d24a7a36-9b50-4e8a-84da-490c807f1e27,barnum.soccer,available,25.99,25.99,medium,low,6,namesilo,,,22/09/2026 06:55
c7d99027-5dc0-48c0-922d-3e09700f3cbf,sightly.soccer,available,19.99,37.99,medium,low,7,name.com,,,10/08/2026 18:49
22fefcbe-d2e0-4b01-9c4f-6703c6159a8d,elizabeth.soccer,available,25.99,25.99,high,low,9,namesilo,,,25/09/2026 05:29
8d3e8e28-8294-4773-bf3a-54e95e9f989c,airmailer.soccer,available,25.99,25.99,medium,low,9,namesilo,,,17/09/2026 23:15
253f2ae9-7033-4f40-9b2c-d0c0a5bf1e8e,isoclinic.soccer,available,19.99,37.99,medium,low,9,name.com,,,22/08/2026 11:02
e6e0843b-a677-402f-a4f8-ee918d8f3b10,lips.soccer,available,19.99,,high,low,4,name.com,,,
a5ed3c93-af87-4b00-b611-8b32e28479e3,evaluation.soccer,available,25.99,25.99,high,low,10,namesilo,,,28/09/2026 02:31
6cdb1c34-3757-4e9b-b24a-84b4f21fa71c,wooded.soccer,available,25.99,25.99,high,low,6,namesilo,,,13/09/2026 13:11
050e8541-3b90-41c5-970e-3d449d8746e8,obligate.soccer,available,25.99,25.99,medium,low,8,namesilo,,,03/09/2026 23:37
d1969e99-2ad9-4f24-a341-8aee143dd480,bosky.soccer,available,19.99,37.99,medium,low,5,name.com,,,10/08/2026 20:17
0235c33f-3f84-421c-ac77-938bddda5f11,mesolithic.soccer,available,19.99,37.99,medium,low,10,name.com,,,24/08/2026 21:17
3db02487-231a-415a-8ae1-eb5631af04fa,oral.soccer,available,25.99,25.99,high,low,4,namesilo,,,04/09/2026 17:14
98206ad5-b07f-4645-8ac1-f28eea67a6e8,congrats.soccer,available,19.99,,high,low,8,name.com,,,
5ea61388-8222-4544-9418-39f3dd7e1b26,beguiling.soccer,available,25.99,25.99,high,low,9,namesilo,,,22/09/2026 01:38
c23424a5-e617-4a8d-b21d-b1b39eba15cb,azurite.soccer,available,25.99,25.99,high,low,7,namesilo,,,21/09/2026 11:39
7a889082-4035-442f-bf17-e6dc9ae92ba4,goddamn.soccer,available,19.99,37.99,medium,low,7,name.com,,,10/08/2026 12:46
3f5456f9-dffd-480b-ae1d-8e139875bc00,betatron.soccer,available,25.99,25.99,medium,low,8,namesilo,,,23/09/2026 11:04
4452209c-5143-4434-b8ea-8a12b9aa8a09,alkaloid.soccer,available,25.99,25.99,medium,low,8,namesilo,,,18/09/2026 08:21
cde1a65f-f575-47c8-a568-d24a7093240a,churchman.soccer,available,19.99,37.99,medium,low,9,name.com,,,14/08/2026 23:29
5f2c7c6f-f0a1-4158-b6ed-6b4011adf2ac,alienor.soccer,available,25.99,25.99,medium,low,7,namesilo,,,18/09/2026 07:41
daa23228-5f20-4297-988d-9541cca1df33,bernini.soccer,available,25.99,25.99,high,low,7,namesilo,,,23/09/2026 09:56
5f9b6ccc-5162-49d5-9771-964a86cc7c82,proficient.soccer,available,25.99,25.99,high,low,10,namesilo,,,21/09/2026 17:23
7bbcb88b-49c9-49e2-b8af-27ea91c7f4dc,pollution.soccer,available,25.99,25.99,medium,low,9,namesilo,,,23/09/2026 02:05
ac44318b-9d95-4272-92cf-1d54cd6fdaf3,heroic.soccer,available,27.48,29.48,high,low,6,namecheap,,,24/09/2026 14:31
456549c4-6288-4bd9-afc2-582e759a927d,asana.soccer,available,27.48,29.48,high,low,5,namecheap,,,20/09/2026 12:49
286ba7af-df9f-41e2-9522-a95cd3971ca2,schoolbook.soccer,available,25.99,25.99,medium,low,11,namesilo,,,19/09/2026 07:03
3b1758f1-eb14-435e-ba5f-54dd0b9bc83b,destroy.soccer,available,25.99,25.99,high,low,7,namesilo,,,25/09/2026 10:30
18ab8e04-c694-4063-8f78-87ed90f95f2d,unequaled.soccer,available,25.99,25.99,high,low,9,namesilo,,,12/09/2026 09:09
2316f1d7-28f8-44c3-bc1d-db77a7f66d4c,tiny.soccer,available,25.99,25.99,high,medium,4,namesilo,,,22/09/2026 17:13
8746f350-9a81-47fe-8e02-468cf338d975,oyster.soccer,available,19.99,,high,low,6,name.com,,,
090fec6b-86cb-4c30-9f45-1cb72339a0ab,yeller.soccer,available,25.99,25.99,medium,low,6,namesilo,,,22/09/2026 17:06
528753cb-2d3a-437d-ab2f-89b2831000d9,packer.soccer,available,27.48,29.48,high,low,6,namecheap,,,21/09/2026 15:45
62aaf961-0a2c-4c02-b6ae-ff4d1cfb92c5,bethel.soccer,available,25.99,25.99,medium,low,6,namesilo,,,23/09/2026 11:13
0554624a-d2e8-4311-9536-47710881220d,paul.soccer,available,19.99,,high,medium,4,name.com,,,
f0906ba2-5c53-47ca-871c-72a83a3f2345,laugh.soccer,available,19.99,,high,low,5,name.com,,,
5b3c9b3d-4fc0-4b61-8c5d-4b2dc4676e69,signals.soccer,available,27.48,29.48,high,low,7,namecheap,,,27/09/2026 09:40
28071414-3eb2-4ecc-8627-6f6054130cf2,catalog.soccer,available,25.99,25.99,high,low,7,namesilo,,,24/09/2026 13:07
781283a7-ab54-4223-91d0-44f22c26444d,leaf.soccer,available,19.99,,high,low,4,name.com,,,
036596fd-8988-405d-9063-504df071a542,oldest.soccer,available,19.99,,high,low,6,name.com,,,
517e0e88-28df-49a9-a9a7-f3919355dbff,axile.soccer,available,19.99,37.99,medium,low,5,name.com,,,08/08/2026 01:56
4f39ae9b-c5b9-4e77-a8a0-e6b289018af9,potently.soccer,available,27.48,29.48,medium,low,8,namecheap,,,15/09/2026 21:07
21cc07fa-b8b9-4794-ac68-b97501bafadc,gibson.soccer,available,25.99,25.99,high,low,6,namesilo,,,18/09/2026 14:55
dd287021-f205-45e0-b866-3bf65907e7ae,jolt.soccer,available,25.99,25.99,high,low,4,namesilo,,,25/09/2026 11:45
cb541fb3-e489-4316-b195-02eb8b4665f3,bathyal.soccer,available,19.99,37.99,low,low,7,name.com,,,09/08/2026 01:34
1e4ceac2-9064-4e5f-9e57-4cdcbd151e67,donut.soccer,available,19.99,,high,low,5,name.com,,,
2b3aa988-c121-48d3-9b84-8e39823cfa22,geologic.soccer,available,19.99,37.99,high,low,8,name.com,,,18/08/2026 22:30
0a5d0645-c490-4112-b60b-c4ee746ea5e9,robustly.soccer,available,25.99,25.99,medium,low,8,namesilo,,,15/09/2026 23:57
b1fcd7ea-2ac7-4677-90dc-73b03ae5a7b1,margaret.soccer,available,27.48,29.48,medium,low,8,namecheap,,,25/09/2026 18:23
ead9bf35-b2e9-42c6-a413-8a67d595498a,foursquare.soccer,available,19.99,37.99,high,low,10,name.com,,,18/08/2026 13:48
fd9a9542-8cca-4aa1-bab3-38d591f8ae10,shyly.soccer,available,25.99,25.99,medium,low,5,namesilo,,,13/09/2026 23:37
4c19fb28-c326-45f7-8a7e-633d5ad40c92,utterly.soccer,available,19.99,,high,low,7,name.com,,,
4a66d6d1-4d0a-4847-9361-807d0f0d898d,baloney.soccer,available,27.48,29.48,medium,low,7,namecheap,,,21/09/2026 23:43
76198920-aa3f-4943-bb5c-af69bb75b914,abilene.soccer,available,25.99,25.99,high,low,7,namesilo,,,16/09/2026 15:54
9ca59612-fd59-4f63-be23-0e7a4f561f55,captivated.soccer,available,19.99,37.99,medium,low,10,name.com,,,09/08/2026 09:52
1b2908f1-ef48-432d-b564-128e76954c25,graven.soccer,available,19.99,37.99,medium,low,6,name.com,,,17/08/2026 07:43
3df088fb-9500-400e-a795-d9a3a9bcab9a,sextuple.soccer,available,25.99,25.99,medium,low,8,namesilo,,,10/09/2026 05:19
0444cda4-58f2-4943-912e-792eb584039f,undertake.soccer,available,25.99,25.99,high,low,9,namesilo,,,24/09/2026 17:44
78794b2d-04ff-4ce9-8206-ca5dfdc6bde6,sorry.soccer,available,25.99,25.99,high,low,5,namesilo,,,24/09/2026 06:24
bc784d14-7397-4a5f-b181-4e2ae7e98ede,flexile.soccer,available,19.99,37.99,medium,low,7,name.com,,,18/08/2026 08:06
c96a881d-202e-4737-adec-c9e0dc35c7f1,virulent.soccer,available,19.99,37.99,medium,low,8,name.com,,,
526e602b-c8be-48a1-b5b1-43d1c360605b,greenwing.soccer,available,25.99,25.99,medium,low,9,namesilo,,,19/09/2026 02:56
2b59c9f6-8e17-4794-8669-fd397a831312,radcliffe.soccer,available,25.99,25.99,medium,low,9,namesilo,,,27/09/2026 07:53
9c8e6593-dbed-4502-b520-58ccb2a99f1f,colour.soccer,available,27.48,29.48,high,low,6,namecheap,,,23/09/2026 15:08
97356341-ebb6-455f-a188-82c738a9d12c,creating.soccer,available,19.99,,high,low,8,name.com,,,
d0445802-bcfa-4b1e-80f5-343f56c481e0,shaky.soccer,available,20.9,20.9,medium,low,5,spaceship,,,27/09/2026 14:56
2eda0955-b09c-46a0-aab2-4685e0a6134f,unlucky.soccer,available,19.99,37.99,medium,low,7,name.com,,,21/08/2026 19:11
4f0e74bf-1ccd-46a2-a84f-96083cd04387,girdle.soccer,available,25.99,25.99,high,low,6,namesilo,,,24/09/2026 15:02
ffd194f8-d5cc-4d5c-8746-e414f899b32f,seeded.soccer,available,25.99,25.99,high,low,6,namesilo,,,10/09/2026 01:43
c4af5f86-8a46-4d7f-9186-eb8a7705c313,forehead.soccer,available,19.99,,high,low,8,name.com,,,
a296e613-dfb1-4f07-b7fe-4c4b76aad445,internets.soccer,available,20.9,20.9,medium,low,9,spaceship,,,28/09/2026 02:35
20e1656f-1ef7-48ee-a65e-a41897f6b1fb,ballota.soccer,available,25.99,25.99,medium,low,7,namesilo,,,21/09/2026 23:16
d8fbefb7-7914-4324-a6c2-f6deecb16774,animator.soccer,available,25.99,25.99,high,low,8,namesilo,,,19/09/2026 09:13
0dddb9b2-8be6-4b6a-ac66-6ebcf15071dc,spider.soccer,available,25.99,25.99,high,low,6,namesilo,,,26/09/2026 00:23
24a88ab0-9e47-4869-9e4d-5480c450ed1e,covert.soccer,available,25.99,25.99,high,low,6,namesilo,,,24/09/2026 00:53
1279ba1a-4a8a-499a-b350-08b1b62bcf62,pawky.soccer,available,25.99,25.99,medium,low,5,namesilo,,,08/09/2026 10:57
d340f7b7-0fd7-4dd8-b450-ffeff83c9525,bum.soccer,available,19.99,37.99,medium,low,3,name.com,,,09/08/2026 10:49
2292dae7-b326-4d56-8c38-211b0fbed5d4,ducktape.soccer,available,25.99,25.99,high,low,9,namesilo,,,27/09/2026 08:55
c960f566-3852-40d6-b291-23e38245c07e,acrimony.soccer,available,25.99,25.99,medium,low,8,namesilo,,,17/09/2026 03:09
5a75b731-3ad8-4e08-988f-df5896e6b526,eastbound.soccer,available,19.99,37.99,high,low,9,name.com,,,14/08/2026 22:50
c8ce4a19-38de-471b-89d5-25b8a4fdf767,modish.soccer,available,19.99,37.99,high,low,6,name.com,,,
55979ae1-cc43-440b-9dec-12d77f441095,undulate.soccer,available,25.99,25.99,medium,low,8,namesilo,,,12/09/2026 08:33
586bb111-04aa-4524-98fd-a90cbfd0408c,cxl.soccer,available,19.99,37.99,high,low,3,name.com,,,
21918511-3a15-4e52-9378-d4d459d2e650,housing.soccer,available,25.99,25.99,high,low,7,namesilo,,,24/09/2026 12:13
fdf6850c-8932-4d56-85fd-b83ea0a44845,spick.soccer,available,19.99,37.99,medium,low,5,name.com,,,21/08/2026 20:46
f0fc3146-e6f3-48e4-9c42-6a24e66fe120,andy.soccer,available,25.99,25.99,high,medium,4,namesilo,,,25/09/2026 12:45
39aa8794-ab0b-476c-bf7d-413138850949,plier.soccer,available,19.99,,medium,low,5,name.com,,,
cecb50bd-7f06-4486-a329-d96f46bb394b,linked.soccer,available,25.99,25.99,high,low,6,namesilo,,,25/09/2026 13:54
f5e7089f-bc20-43e3-8db1-6aba8f514046,shoddy.soccer,available,19.99,37.99,medium,low,6,name.com,,,12/08/2026 03:27
bd1a782c-246c-41de-9ab0-7fa6471ecf4b,amaze.soccer,available,25.99,25.99,high,low,5,namesilo,,,21/09/2026 17:36
c58a7ba6-0e86-4f4c-aaef-8b9ba2bf14ef,coop.soccer,available,19.99,37.99,high,low,5,name.com,,,13/08/2026 00:15
19c2d268-3966-4f7c-a2ed-bcb9a6775cb0,semiotic.soccer,available,25.99,25.99,medium,low,8,namesilo,,,10/09/2026 03:13
e861d24a-a83b-4f3a-a31d-0c90d8927b08,earthquake.soccer,available,25.99,25.99,high,low,10,namesilo,,,27/09/2026 13:14
17f68454-dbab-4d62-9d30-9bb0d2a42dba,particularly.soccer,available,27.48,29.48,medium,low,12,namecheap,,,27/09/2026 08:28
8c19fc62-c71b-4349-9a34-ec8e9ff82fe7,anubis.soccer,available,25.99,25.99,medium,low,6,namesilo,,,19/09/2026 11:58
4f4d259e-528a-4041-a778-12b81425bba8,prole.soccer,available,25.99,25.99,medium,low,5,namesilo,,,09/09/2026 03:01
f7398f50-5ff7-4708-a823-f25656ab68f8,sweet.soccer,available,27.48,29.48,high,low,5,namecheap,,,25/09/2026 22:43
8aa777fa-2788-45ae-8e51-249a39ed910b,antiproton.soccer,available,25.99,25.99,medium,low,10,namesilo,,,19/09/2026 15:01
3cce8258-552d-478b-829b-8d855b3cf602,asheville.soccer,available,25.99,25.99,high,low,9,namesilo,,,20/09/2026 13:49
68405d9a-3ff7-4170-9c72-96e6545f0718,concentric.soccer,available,19.99,37.99,high,low,10,name.com,,,12/08/2026 19:57
5199263d-841b-4354-9ea4-7dcac753a665,downscale.soccer,available,19.99,37.99,medium,low,9,name.com,,,14/08/2026 17:52
7b49a57e-e80f-40e3-b77d-51266a93b207,clerical.soccer,available,19.99,37.99,high,low,8,name.com,,,12/08/2026 10:48
c6c18acc-1d70-4e02-bb1d-cb593ddef610,mesmerized.soccer,available,19.99,37.99,high,low,10,name.com,,,17/08/2026 22:50
18fd4110-2e4a-4555-95e0-36c18f509f74,startup.soccer,available,25.99,25.99,high,medium,7,namesilo,,,23/09/2026 07:16
dcdd2b51-d27a-4877-85c0-7f76c29ff08e,circuit.soccer,available,19.99,,high,low,7,name.com,,,
1a376eb3-3cae-4041-a495-a75136c00f5d,prostrate.soccer,available,25.99,25.99,high,low,9,namesilo,,,09/09/2026 03:57
9fa3b0b4-804e-46d0-8b91-49316abe68c0,gutsy.soccer,available,19.99,37.99,high,low,5,name.com,,,20/08/2026 21:14
6c4f4bf0-d503-4e1f-95f6-a9c82d22cf3e,tautly.soccer,available,25.99,25.99,medium,low,6,namesilo,,,16/09/2026 08:09
4fb3f569-1721-4fa9-b2d4-e45a1e4302c8,basque.soccer,available,25.99,25.99,medium,low,6,namesilo,,,22/09/2026 11:41
eef6e614-a8f6-42d7-9d64-e335705244d1,wounds.soccer,available,27.48,29.48,low,low,6,namecheap,,,25/09/2026 19:23
7fba7630-78cf-464d-a3a5-50fb52a0f375,crosby.soccer,available,25.99,25.99,high,low,6,namesilo,,,23/09/2026 17:15
186c58da-5cd7-4f93-93fa-07134d0dba2f,banner.soccer,available,19.99,37.99,high,low,6,name.com,,,08/08/2026 13:53
13519d8d-74e2-4964-996a-f0c86f7aee25,briefing.soccer,available,19.99,,high,low,8,name.com,,,
5b72ceb2-bf87-44e8-ad87-edf72c4fc348,prolific.soccer,available,25.99,25.99,high,low,8,namesilo,,,27/09/2026 07:21
2f59317a-f099-4839-9de8-ca915d310ed2,pyramid.soccer,available,25.99,25.99,high,low,7,namesilo,,,08/09/2026 13:53
0e251312-0c22-4085-986e-9bdc86a44b50,bearings.soccer,available,25.99,25.99,medium,low,8,namesilo,,,20/09/2026 03:51
126dd552-53f6-4968-93b8-78037f18f661,beadle.soccer,available,27.48,29.48,medium,low,6,namecheap,,,22/09/2026 19:31
28531753-4f5a-45d0-a3eb-ccb195485192,finback.soccer,available,25.99,25.99,medium,low,7,namesilo,,,21/09/2026 20:44
9cc53a6f-3f87-47d2-b0e1-f5e7ad1a2577,wordy.soccer,available,19.99,37.99,medium,low,5,name.com,,,24/08/2026 09:32
c357c1ef-b7b3-4cf4-8307-e10f432ecc45,basal.soccer,available,19.99,37.99,medium,low,5,name.com,,,08/08/2026 21:24
92e06314-4044-4b14-a57d-497b1d90a263,buttermilk.soccer,available,27.48,29.48,high,low,10,namecheap,,,24/09/2026 11:20
ddef12ad-1ea1-4384-a1cd-63540c2d8842,unhappiness.soccer,available,19.99,,medium,low,11,name.com,,,
269c4e4b-1112-4211-aa4a-b3141233d2c8,widen.soccer,available,19.99,,high,low,5,name.com,,,
cc962e5d-a401-4b7a-a974-0bfb2f63a812,licking.soccer,available,25.99,25.99,medium,low,7,namesilo,,,13/09/2026 11:11
d6bacb28-3468-462b-8892-6535a55918ec,desert.soccer,available,25.99,25.99,high,low,6,namesilo,,,24/09/2026 06:40
755d3f43-4809-4434-a0e1-eea44a428b49,webb.soccer,available,25.99,25.99,high,low,4,namesilo,,,22/09/2026 21:50
e0ed99f3-5dbc-4881-a0d5-223c166dec77,teaching.soccer,available,25.99,25.99,high,low,8,namesilo,,,24/09/2026 22:15
943cb7d2-98da-42ea-abbb-e883ffe561bc,package.soccer,available,25.99,25.99,high,low,7,namesilo,,,24/09/2026 07:42
c20c6ac6-5405-4c93-80a5-d533565019bc,bolshevik.soccer,available,19.99,37.99,high,low,9,name.com,,,10/08/2026 17:50
6be0a05d-ab1c-46bb-993a-3aece6c83bc4,illuminated.soccer,available,19.99,,high,low,11,name.com,,,
7e7c893e-7e5e-48a6-903a-6ba65e2232f2,banteng.soccer,available,25.99,25.99,medium,low,7,namesilo,,,22/09/2026 03:14
9e755ca2-125f-409b-86a7-033ab5ec5b4f,precarious.soccer,available,25.99,25.99,medium,low,10,namesilo,,,08/09/2026 01:44
2cb8891b-d36c-4c98-aad8-7a44b0d73b5a,claudia.soccer,available,19.99,37.99,high,low,7,name.com,,,25/09/2026 13:43
20518989-2a7b-42a3-a910-86c31a1c9756,evaporated.soccer,available,19.99,37.99,medium,low,10,name.com,,,17/08/2026 14:45
f6071778-d50d-4e00-9978-d1825ef982ec,recyclable.soccer,available,25.99,25.99,high,low,10,namesilo,,,09/09/2026 11:31
31734530-91f6-438c-a571-f826c9da261b,cerise.soccer,available,19.99,37.99,medium,low,6,name.com,,,10/08/2026 15:04
62101e43-2029-4869-a4e4-3a005497944a,verbatim.soccer,available,25.99,25.99,high,low,8,namesilo,,,13/09/2026 02:21
564d1822-8ec3-42e9-b112-67ec0e62fd5e,asala.soccer,available,27.48,29.48,medium,low,5,namecheap,,,16/09/2026 12:33
563c245e-dc26-4fc0-9424-f65d1d649e89,keynesian.soccer,available,19.99,37.99,medium,low,9,name.com,,,22/08/2026 15:46
02c666a1-0ca4-47a9-8b89-4dc7e18b232a,usable.soccer,available,25.99,25.99,high,low,6,namesilo,,,12/09/2026 23:59
66496189-7141-4faa-9800-1f8cac340ee6,saws.soccer,available,27.48,29.48,medium,low,4,namecheap,,,20/09/2026 09:02
b38c8180-b2b4-467e-8a54-aaaf9cc8c3a4,low.soccer,available,25.99,25.99,high,low,3,namesilo,,,21/09/2026 13:54
9db049ed-d66b-4468-935f-979bb740f482,roughneck.soccer,available,19.99,37.99,medium,low,9,name.com,,,11/08/2026 08:43
80c44a44-36e6-4c38-97c9-8a153a856501,ninth.soccer,available,19.99,37.99,high,low,5,name.com,,,
06d797d9-2cf7-447c-a343-3067ecbe2857,rowland.soccer,available,27.48,29.48,high,low,7,namecheap,,,25/09/2026 15:13
79898f31-24bf-42db-8638-3fda6b3f6958,singapore.soccer,available,,,high,high,9,,,,
6570b592-41ca-4691-be6f-643b23493b34,reliability.soccer,available,19.99,,high,low,11,name.com,,,
bdb854b2-e754-43ef-af09-0a491861c3b0,quantities.soccer,available,19.99,,medium,low,10,name.com,,,
ad0449c3-a889-4792-b043-febc6661c10e,slavery.soccer,available,25.99,25.99,high,low,7,namesilo,,,10/09/2026 10:30
701d15c8-938f-40e2-8e50-94b006c12e1d,spaciously.soccer,available,25.99,25.99,medium,low,10,namesilo,,,16/09/2026 00:04
edc852ad-f67e-4b5c-a937-08cd13e3336f,muffin.soccer,available,19.99,,high,low,6,name.com,,,
d3174387-bf79-4540-a357-1d60ebef4ef8,various.soccer,available,19.99,,high,low,7,name.com,,,
040476b3-8a34-48aa-9b85-02b6f9c137bb,bison.soccer,available,25.99,25.99,high,low,5,namesilo,,,23/09/2026 22:04
43d76ab9-dc65-466a-9c81-3c94297065fa,incorrect.soccer,available,25.99,25.99,high,low,9,namesilo,,,25/09/2026 08:08
4856cc69-20d3-4100-9a8e-f5a2c77f6f25,cropped.soccer,available,19.99,37.99,medium,low,7,name.com,,,13/08/2026 07:53
49e53079-558a-4594-8f2e-1061a406c3e7,piffle.soccer,available,27.48,29.48,medium,low,6,namecheap,,,21/09/2026 21:41
14b63336-d821-45d9-9ba1-ee53be920552,mavin.soccer,available,19.99,37.99,high,low,5,name.com,,,
add68e25-105d-42b4-8344-adfbcae97595,supra.soccer,available,19.99,37.99,high,low,5,name.com,,,
0e65e7ae-0a59-4959-bdf9-339ef3ad300f,absent.soccer,available,25.99,25.99,high,low,6,namesilo,,,21/09/2026 14:37
47311cf8-f76c-4131-bd4c-75c84d046bc9,nightly.soccer,available,25.99,25.99,high,low,7,namesilo,,,03/09/2026 17:22
b3af9396-7182-4c7e-9c4d-8c8e3a66af16,hormone.soccer,available,19.99,37.99,high,low,7,name.com,,,17/08/2026 01:04
4f79817a-13e7-4bd9-9cda-2d772d02e545,trailer.soccer,available,19.99,37.99,high,low,7,name.com,,,22/08/2026 18:43
216ac848-3382-4393-ae49-7c34899765ff,posh.soccer,available,19.99,37.99,high,low,4,name.com,,,12/08/2026 09:53
30734898-e077-4b17-b500-166564699dbb,rocks.soccer,available,25.99,25.99,high,low,5,namesilo,,,17/09/2026 07:43
9f7623ef-725e-4cd0-b828-1d3ce54c869c,platoon.soccer,available,25.99,25.99,high,low,7,namesilo,,,27/09/2026 15:14
ab2cafe2-6528-43c7-957b-0bc24d125a97,avionics.soccer,available,25.99,25.99,high,low,8,namesilo,,,21/09/2026 09:35
c4ee85b1-3491-4ed6-a58d-a760c53f93ca,distress.soccer,available,19.99,,high,low,8,name.com,,,
c31d800f-7c1e-4941-88ab-be1a4e1d366e,hypo.soccer,available,19.99,37.99,high,low,4,name.com,,,21/08/2026 17:15
1ebbe5a2-2822-4a52-b760-e0d33e3d472e,mellowly.soccer,available,19.99,37.99,medium,low,8,name.com,,,24/08/2026 19:31
dc3f4123-8729-478c-9a07-9a72dc68a713,landing.soccer,available,19.99,,high,low,7,name.com,,,
3affab02-6572-4612-a189-aaa525fbb504,fluky.soccer,available,19.99,37.99,medium,low,5,name.com,,,18/08/2026 09:19
7d21bfe2-ce05-486f-b441-c8253cfa7a7e,trees.soccer,available,19.99,,high,low,5,name.com,,,
6bc1261e-c0b3-4b49-9c9f-dc15f641cba5,scandal.soccer,available,19.99,,high,low,7,name.com,,,
622f2d65-3d50-4cbc-907e-ec2fbc062ec5,cooper.soccer,available,27.48,29.48,high,low,6,namecheap,,,22/09/2026 08:17
c7971f6e-8a5b-46db-a3f4-3043c6ebde22,unfocused.soccer,available,25.99,25.99,medium,low,9,namesilo,,,12/09/2026 10:32
b3791838-0c1e-4ad0-9f28-5990f5a48843,snaps.soccer,available,25.99,25.99,medium,low,5,namesilo,,,18/09/2026 11:55
115e8916-6782-4564-93ee-2cfa1d76cd65,civil.soccer,available,19.99,37.99,high,low,5,name.com,,,12/08/2026 09:03
8e9a1042-0e8f-4a62-8be1-c1e53b5e08a4,aeolia.soccer,available,25.99,25.99,low,low,6,namesilo,,,17/09/2026 12:34
fac7a5df-801f-48c5-826c-2897408769c9,plodding.soccer,available,27.48,29.48,medium,low,8,namecheap,,,08/09/2026 21:17
86005171-be5d-4f07-92f9-166376bb203d,amnionic.soccer,available,19.99,37.99,medium,low,8,name.com,,,
99030d3e-542a-4be6-a17d-e1828d8d2220,segmented.soccer,available,19.99,37.99,medium,low,9,name.com,,,24/08/2026 21:43
6835a18d-20ab-41c9-bcb6-2ccc41b8e976,betrayer.soccer,available,27.48,29.48,medium,low,8,namecheap,,,23/09/2026 11:31
5a4bf843-ec78-426f-a563-1319d4cd1b17,debut.soccer,available,27.48,29.48,high,low,5,namecheap,,,24/09/2026 21:09
259f802e-5b66-4c3b-b2ae-56eca0d0b3ee,deducible.soccer,available,19.99,37.99,medium,low,9,name.com,,,13/08/2026 22:25
75a33d3b-bd23-4161-aaf3-d1986b233f09,trap.soccer,available,25.99,25.99,high,low,4,namesilo,,,25/09/2026 15:44
3c4690b4-433b-4a32-8d8b-f9579bec2598,privily.soccer,available,27.48,29.48,medium,low,7,namecheap,,,15/09/2026 21:31
dad22060-f3a7-4141-87c2-38df6f5675c8,apologue.soccer,available,25.99,25.99,medium,low,8,namesilo,,,18/09/2026 10:43
4a94de46-cfbe-4b26-972a-820e715b3dcf,instrument.soccer,available,25.99,25.99,high,low,10,namesilo,,,24/09/2026 13:05
5c6c7553-8308-4eca-864d-6caa7255b5e9,rgb.soccer,available,,,high,low,3,,,,
1083cb02-dcbc-430a-9342-e9ee9d9228e6,tax.soccer,available,19.99,,high,medium,3,name.com,,,
3a981012-4161-4f8a-a2d5-a5f22c703a0d,vaporous.soccer,available,19.99,37.99,medium,low,8,name.com,,,12/08/2026 14:34
af11ea30-4b66-4260-a396-fc65af0e8895,awkward.soccer,available,27.48,29.48,high,low,7,namecheap,,,22/09/2026 15:31
b3bcc884-7fcb-46a4-80c2-1089435aceb2,dorchester.soccer,available,27.48,29.48,medium,low,10,namecheap,,,27/09/2026 07:30
39473e75-f22c-437d-8394-bdae75d1c414,harsh.soccer,available,19.99,37.99,medium,low,5,name.com,,,12/08/2026 13:58